player_id,player_name,position,year
08793,Tiger Woods,1,2005
06251,Chris DiMarco,2,2005
23983,Luke Donald,T3,2005
20157,Retief Goosen,T3,2005
22378,Trevor Immelman,T5,2005
06567,Vijay Singh,T5,2005
10423,Mike Weir,T5,2005
20433,Mark Hensby,T5,2005
20572,Rod Pampling,T5,2005
01810,Phil Mickelson,10,2005
12782,Tim Herron,T11,2005
20608,David Howell,T11,2005
12662,Thomas Levet,T13,2005
01677,Tom Lehman,T13,2005
10860,Justin Leonard,T13,2005
26596,Ryan Moore,T13,2005
02214,Kirk Triplett,T17,2005
12510,Chad Campbell,T17,2005
19825,Darren Clarke,T17,2005
01666,Bernhard Langer,T20,2005
08075,Jerry Kelly,T20,2005
20229,Stewart Cink,T20,2005
02239,Scott Verplank,T20,2005
01724,Jeff Maggert,T20,2005
21949,Joe Ogilvie,T25,2005
10944,Thomas Bjørn,T25,2005
01920,Craig Parry,T25,2005
10809,Jim Furyk,28,2005
07457,Steve Flesch,T29,2005
01945,Kenny Perry,T29,2005
01887,Mark O'Meara,T31,2005
19958,Miguel Angel Jiménez,T31,2005
24502,Adam Scott,T33,2005
24138,Ian Poulter,T33,2005
20218,Shingo Katayama,T33,2005
24357,K.J. Choi,T33,2005
27129,Luke List,T33,2005
26497,Casey Wittenberg,T33,2005
01226,Fred Couples,T39,2005
01473,Todd Hamilton,T39,2005
23320,Ryan Palmer,T39,2005
23135,Tim Clark,T39,2005
20098,Stuart Appleby,T43,2005
20094,Jonathan Kaye,T43,2005
22348,Nick O'Hern,T45,2005
06004,Stephen Ames,T45,2005
06522,Ernie Els,47,2005
01457,Jay Haas,48,2005
20127,Chris Riley,49,2005
02133,Craig Stadler,50,2005
21961,Charles Howell III,CUT,2005
21209,Sergio Garcia,CUT,2005
12823,Carlos Franco,CUT,2005
25572,Graeme McDowell,CUT,2005
20766,Padraig Harrington,CUT,2005
20396,Lee Westwood,CUT,2005
10885,Robert Allenby,CUT,2005
20848,Ángel Cabrera,CUT,2005
01381,Fred Funk,CUT,2005
19830,Joakim Haeggman,CUT,2005
12660,Jesper Parnevik,CUT,2005
01706,Davis Love III,CUT,2005
23623,Bo Van Pelt,CUT,2005
24024,Zach Johnson,CUT,2005
01355,Raymond Floyd,CUT,2005
02206,David Toms,CUT,2005
09011,David Duval,CUT,2005
22621,Ben Curtis,CUT,2005
23614,Rich Beem,CUT,2005
21731,Freddie Jacobson,CUT,2005
01717,Sandy Lyle,CUT,2005
23621,Rory Sabbatini,CUT,2005
20634,Peter Lonard,CUT,2005
06373,José María Olazábal,CUT,2005
06515,Shaun Micheel,CUT,2005
02256,Tom Watson,CUT,2005
01823,Larry Mize,CUT,2005
01869,Jack Nicklaus,CUT,2005
01249,John Daly,CUT,2005
01968,Nick Price,CUT,2005
21959,Ted Purdy,CUT,2005
01235,Ben Crenshaw,CUT,2005
02300,Ian Woosnam,CUT,2005
25364,Paul Casey,CUT,2005
12680,Shigeki Maruyama,CUT,2005
28139,Austin Eaton III,CUT,2005
01001,Tommy Aaron,CUT,2005
02321,Fuzzy Zoeller,CUT,2005
25782,Stuart Wilson,CUT,2005
01955,Gary Player,CUT,2005
01215,Charles Coody,CUT,2005
01326,Nick Faldo,W/D,2005
01177,Billy Casper,W/D,2005
01810,Phil Mickelson,1,2006
23135,Tim Clark,2,2006
20157,Retief Goosen,T3,2006
06373,José María Olazábal,T3,2006
01226,Fred Couples,T3,2006
08793,Tiger Woods,T3,2006
12510,Chad Campbell,T3,2006
20848,Ángel Cabrera,T8,2006
06567,Vijay Singh,T8,2006
20229,Stewart Cink,10,2006
10423,Mike Weir,T11,2006
06004,Stephen Ames,T11,2006
19958,Miguel Angel Jiménez,T11,2006
20628,Arron Oberholser,T14,2006
01766,Billy Mayfair,T14,2006
02239,Scott Verplank,T16,2006
20572,Rod Pampling,T16,2006
22046,Geoff Ogilvy,T16,2006
22348,Nick O'Hern,T19,2006
20608,David Howell,T19,2006
20098,Stuart Appleby,T19,2006
10885,Robert Allenby,T22,2006
10809,Jim Furyk,T22,2006
01706,Davis Love III,T22,2006
20433,Mark Hensby,T22,2006
19825,Darren Clarke,T22,2006
20218,Shingo Katayama,T27,2006
06522,Ernie Els,T27,2006
20766,Padraig Harrington,T27,2006
25345,Carl Pettersson,T27,2006
24502,Adam Scott,T27,2006
21959,Ted Purdy,T32,2006
06573,Brandt Jobe,T32,2006
24024,Zach Johnson,T32,2006
10944,Thomas Bjørn,T32,2006
23621,Rory Sabbatini,T36,2006
01797,Rocco Mediate,T36,2006
12782,Tim Herron,T36,2006
10860,Justin Leonard,T39,2006
22621,Ben Curtis,T39,2006
24507,Jason Bohn,T39,2006
01823,Larry Mize,T42,2006
23614,Rich Beem,T42,2006
23983,Luke Donald,T42,2006
01139,Olin Browne,45,2006
21209,Sergio Garcia,46,2006
01235,Ben Crenshaw,47,2006
01142,Bart Bryant,CUT,2006
23325,Vaughn Taylor,CUT,2006
23541,Ben Crane,CUT,2006
02300,Ian Woosnam,CUT,2006
20400,Michael Campbell,CUT,2006
08635,Colin Montgomerie,CUT,2006
12662,Thomas Levet,CUT,2006
20396,Lee Westwood,CUT,2006
20634,Peter Lonard,CUT,2006
06251,Chris DiMarco,CUT,2006
01473,Todd Hamilton,CUT,2006
02206,David Toms,CUT,2006
25900,Lucas Glover,CUT,2006
21949,Joe Ogilvie,CUT,2006
01677,Tom Lehman,CUT,2006
21528,Henrik Stenson,CUT,2006
22378,Trevor Immelman,CUT,2006
24357,K.J. Choi,CUT,2006
01355,Raymond Floyd,CUT,2006
24140,Sean O'Hair,CUT,2006
06515,Shaun Micheel,CUT,2006
01249,John Daly,CUT,2006
01326,Nick Faldo,CUT,2006
01666,Bernhard Langer,CUT,2006
24511,Thongchai Jaidee,CUT,2006
12680,Shigeki Maruyama,CUT,2006
02256,Tom Watson,CUT,2006
01887,Mark O'Meara,CUT,2006
02133,Craig Stadler,CUT,2006
27810,Brian McElhinney,CUT,2006
12461,Paul McGinley,CUT,2006
01161,Mark Calcavecchia,CUT,2006
01381,Fred Funk,CUT,2006
23814,Edoardo Molinari,CUT,2006
29225,Clay Ogden,CUT,2006
02321,Fuzzy Zoeller,CUT,2006
09011,David Duval,CUT,2006
22878,Kevin Marsh,CUT,2006
29224,Dillon Dougherty,CUT,2006
01955,Gary Player,CUT,2006
01717,Sandy Lyle,CUT,2006
01215,Charles Coody,CUT,2006
21961,Charles Howell III,CUT,2006
24024,Zach Johnson,1,2007
08793,Tiger Woods,T2,2007
20157,Retief Goosen,T2,2007
23621,Rory Sabbatini,T2,2007
22405,Justin Rose,T5,2007
08075,Jerry Kelly,T5,2007
20098,Stuart Appleby,T7,2007
20766,Padraig Harrington,T7,2007
02206,David Toms,9,2007
23325,Vaughn Taylor,T10,2007
23983,Luke Donald,T10,2007
25364,Paul Casey,T10,2007
06567,Vijay Singh,T13,2007
24138,Ian Poulter,T13,2007
23135,Tim Clark,T13,2007
10809,Jim Furyk,T13,2007
20229,Stewart Cink,T17,2007
01941,Tom Pernice Jr.,T17,2007
21528,Henrik Stenson,T17,2007
10423,Mike Weir,T20,2007
01161,Mark Calcavecchia,T20,2007
22913,John Rollins,T20,2007
25900,Lucas Glover,T20,2007
01810,Phil Mickelson,T24,2007
06004,Stephen Ames,T24,2007
22046,Geoff Ogilvy,T24,2007
24502,Adam Scott,T27,2007
24357,K.J. Choi,T27,2007
01706,Davis Love III,T27,2007
02239,Scott Verplank,T30,2007
01226,Fred Couples,T30,2007
21961,Charles Howell III,T30,2007
12602,Dean Wilson,T30,2007
24663,Y.E. Yang,T30,2007
19970,Robert Karlsson,T30,2007
20396,Lee Westwood,T30,2007
20686,Jeev Milkha Singh,T37,2007
20848,Ángel Cabrera,T37,2007
20572,Rod Pampling,T37,2007
12782,Tim Herron,T37,2007
23322,Brett Wetterich,T37,2007
23353,J.J. Henry,T37,2007
01717,Sandy Lyle,43,2007
20218,Shingo Katayama,T44,2007
19958,Miguel Angel Jiménez,T44,2007
06373,José María Olazábal,T44,2007
20608,David Howell,T44,2007
22983,Bradley Dredge,T44,2007
02104,Jeff Sluman,T49,2007
02133,Craig Stadler,T49,2007
07749,Brett Quigley,51,2007
22371,Aaron Baddeley,T52,2007
25345,Carl Pettersson,T52,2007
23614,Rich Beem,54,2007
01235,Ben Crenshaw,T55,2007
20585,Niclas Fasth,T55,2007
22378,Trevor Immelman,T55,2007
20628,Arron Oberholser,58,2007
01766,Billy Mayfair,59,2007
02321,Fuzzy Zoeller,60,2007
02256,Tom Watson,CUT,2007
06251,Chris DiMarco,CUT,2007
01887,Mark O'Meara,CUT,2007
08635,Colin Montgomerie,CUT,2007
20400,Michael Campbell,CUT,2007
19825,Darren Clarke,CUT,2007
06522,Ernie Els,CUT,2007
21209,Sergio Garcia,CUT,2007
10944,Thomas Bjørn,CUT,2007
01473,Todd Hamilton,CUT,2007
01142,Bart Bryant,CUT,2007
12510,Chad Campbell,CUT,2007
30150,John Kelly,CUT,2007
01381,Fred Funk,CUT,2007
06621,Joe Durant,CUT,2007
01666,Bernhard Langer,CUT,2007
06527,Steve Stricker,CUT,2007
22621,Ben Curtis,CUT,2007
22348,Nick O'Hern,CUT,2007
29531,Richie Ramsay,CUT,2007
27088,Johan Edfors,CUT,2007
23541,Ben Crane,CUT,2007
01355,Raymond Floyd,CUT,2007
06643,Paul Goydos,CUT,2007
27120,Troy Matteson,CUT,2007
21461,Kenneth Ferrie,CUT,2007
10885,Robert Allenby,CUT,2007
06515,Shaun Micheel,CUT,2007
01955,Gary Player,CUT,2007
01823,Larry Mize,CUT,2007
21498,Hideto Tanihara,CUT,2007
28340,Julien Guerrier,CUT,2007
27770,Camilo Villegas,CUT,2007
30144,Casey Watabu,CUT,2007
30145,Dave Womack,CUT,2007
01051,Seve Ballesteros,CUT,2007
22378,Trevor Immelman,1,2008
08793,Tiger Woods,2,2008
20229,Stewart Cink,T3,2008
27649,Brandt Snedeker,T3,2008
07457,Steve Flesch,T5,2008
01810,Phil Mickelson,T5,2008
20766,Padraig Harrington,T5,2008
19970,Robert Karlsson,T8,2008
19958,Miguel Angel Jiménez,T8,2008
25562,Andres Romero,T8,2008
27095,Nick Watney,T11,2008
20396,Lee Westwood,T11,2008
25364,Paul Casey,T11,2008
06567,Vijay Singh,T14,2008
24140,Sean O'Hair,T14,2008
20098,Stuart Appleby,T14,2008
20157,Retief Goosen,T17,2008
10423,Mike Weir,T17,2008
21528,Henrik Stenson,T17,2008
24024,Zach Johnson,T20,2008
10860,Justin Leonard,T20,2008
25804,Bubba Watson,T20,2008
26289,Boo Weekley,T20,2008
07223,Brian Bateman,T20,2008
20628,Arron Oberholser,T25,2008
27141,J.B. Holmes,T25,2008
20848,Ángel Cabrera,T25,2008
24459,Richard Sterne,T25,2008
06004,Stephen Ames,T25,2008
24502,Adam Scott,T25,2008
24138,Ian Poulter,T25,2008
20686,Jeev Milkha Singh,T25,2008
24236,Nick Dougherty,T33,2008
22293,Heath Slocum,T33,2008
10809,Jim Furyk,T33,2008
01473,Todd Hamilton,T36,2008
26951,Johnson Wagner,T36,2008
22405,Justin Rose,T36,2008
22046,Geoff Ogilvy,T39,2008
20585,Niclas Fasth,T39,2008
24357,K.J. Choi,41,2008
10885,Robert Allenby,T42,2008
02206,David Toms,T42,2008
02300,Ian Woosnam,44,2008
01717,Sandy Lyle,45,2008
06522,Ernie Els,CUT,2008
20400,Michael Campbell,CUT,2008
20935,Toru Taniguchi,CUT,2008
23983,Luke Donald,CUT,2008
27408,Martin Kaymer,CUT,2008
21209,Sergio Garcia,CUT,2008
01226,Fred Couples,CUT,2008
21961,Charles Howell III,CUT,2008
22371,Aaron Baddeley,CUT,2008
23322,Brett Wetterich,CUT,2008
24781,Hunter Mahan,CUT,2008
24925,Jonathan Byrd,CUT,2008
22348,Nick O'Hern,CUT,2008
08075,Jerry Kelly,CUT,2008
01887,Mark O'Meara,CUT,2008
02133,Craig Stadler,CUT,2008
23621,Rory Sabbatini,CUT,2008
20850,Daniel Chopra,CUT,2008
27770,Camilo Villegas,CUT,2008
02256,Tom Watson,CUT,2008
06515,Shaun Micheel,CUT,2008
06527,Steve Stricker,CUT,2008
10027,Trip Kuehne,CUT,2008
22621,Ben Curtis,CUT,2008
22913,John Rollins,CUT,2008
32150,Michael Thompson,CUT,2008
20645,John Senden,CUT,2008
23325,Vaughn Taylor,CUT,2008
01666,Bernhard Langer,CUT,2008
06373,José María Olazábal,CUT,2008
23135,Tim Clark,CUT,2008
20218,Shingo Katayama,CUT,2008
20569,Richard Green,CUT,2008
20634,Peter Lonard,CUT,2008
07867,Woody Austin,CUT,2008
01235,Ben Crenshaw,CUT,2008
02239,Scott Verplank,CUT,2008
01161,Mark Calcavecchia,CUT,2008
23788,D.J. Trahan,CUT,2008
23624,Soren Hansen,CUT,2008
24748,Wen-Chong Liang,CUT,2008
01355,Raymond Floyd,CUT,2008
20859,Anders Hansen,CUT,2008
31114,Drew Weaver,CUT,2008
01707,Steve Lowery,CUT,2008
01823,Larry Mize,CUT,2008
02321,Fuzzy Zoeller,CUT,2008
01955,Gary Player,CUT,2008
22080,Prayad Marksaeng,W/D,2008
20848,Ángel Cabrera,1,2009
01945,Kenny Perry,T2,2009
12510,Chad Campbell,T2,2009
20218,Shingo Katayama,4,2009
01810,Phil Mickelson,5,2009
06527,Steve Stricker,T6,2009
07457,Steve Flesch,T6,2009
08793,Tiger Woods,T6,2009
27933,John Merrick,T6,2009
24781,Hunter Mahan,T10,2009
24140,Sean O'Hair,T10,2009
10809,Jim Furyk,T10,2009
27770,Camilo Villegas,T13,2009
23135,Tim Clark,T13,2009
01473,Todd Hamilton,T15,2009
22046,Geoff Ogilvy,T15,2009
22371,Aaron Baddeley,T17,2009
25572,Graeme McDowell,T17,2009
27095,Nick Watney,19,2009
29718,Anthony Kim,T20,2009
06004,Stephen Ames,T20,2009
01717,Sandy Lyle,T20,2009
28237,Rory McIlroy,T20,2009
21350,Ryuji Imada,T20,2009
22405,Justin Rose,T20,2009
25364,Paul Casey,T20,2009
24138,Ian Poulter,T20,2009
22378,Trevor Immelman,T20,2009
23621,Rory Sabbatini,T20,2009
27896,Ross Fisher,T30,2009
06567,Vijay Singh,T30,2009
20098,Stuart Appleby,T30,2009
30925,Dustin Johnson,T30,2009
01823,Larry Mize,T30,2009
20104,Ken Duke,T35,2009
22621,Ben Curtis,T35,2009
20766,Padraig Harrington,T35,2009
23983,Luke Donald,T38,2009
21209,Sergio Garcia,T38,2009
21528,Henrik Stenson,T38,2009
10885,Robert Allenby,T38,2009
25804,Bubba Watson,42,2009
20396,Lee Westwood,43,2009
23788,D.J. Trahan,T44,2009
06575,Dudley Hart,T44,2009
06595,Kevin Sutherland,T46,2009
10423,Mike Weir,T46,2009
19958,Miguel Angel Jiménez,T46,2009
25562,Andres Romero,T49,2009
01797,Rocco Mediate,T49,2009
01226,Fred Couples,CUT,2009
24502,Adam Scott,CUT,2009
06373,José María Olazábal,CUT,2009
06522,Ernie Els,CUT,2009
20157,Retief Goosen,CUT,2009
24459,Richard Sterne,CUT,2009
20686,Jeev Milkha Singh,CUT,2009
24663,Y.E. Yang,CUT,2009
22986,Søren Kjeldsen,CUT,2009
27408,Martin Kaymer,CUT,2009
19970,Robert Karlsson,CUT,2009
27474,Reinier Saxton,CUT,2009
01876,Greg Norman,CUT,2009
20229,Stewart Cink,CUT,2009
20498,Briny Baird,CUT,2009
10860,Justin Leonard,CUT,2009
33109,Jack Newman,CUT,2009
23624,Soren Hansen,CUT,2009
27506,Oliver Wilson,CUT,2009
24357,K.J. Choi,CUT,2009
02300,Ian Woosnam,CUT,2009
26289,Boo Weekley,CUT,2009
27649,Brandt Snedeker,CUT,2009
33108,Drew Kittleson,CUT,2009
24024,Zach Johnson,CUT,2009
26329,Louis Oosthuizen,CUT,2009
30852,Ryo Ishikawa,CUT,2009
01666,Bernhard Langer,CUT,2009
27784,Wen-Tang Lin,CUT,2009
01887,Mark O'Meara,CUT,2009
02133,Craig Stadler,CUT,2009
26476,Chez Reavie,CUT,2009
20574,Mathew Goggin,CUT,2009
01766,Billy Mayfair,CUT,2009
27072,Alvaro Quiros,CUT,2009
25345,Carl Pettersson,CUT,2009
22080,Prayad Marksaeng,CUT,2009
22475,Steve Wilson,CUT,2009
24361,Pat Perez,CUT,2009
02321,Fuzzy Zoeller,CUT,2009
20400,Michael Campbell,CUT,2009
29926,Danny Lee,CUT,2009
01235,Ben Crenshaw,CUT,2009
02256,Tom Watson,CUT,2009
01355,Raymond Floyd,CUT,2009
01955,Gary Player,CUT,2009
01810,Phil Mickelson,1,201
20396,Lee Westwood,2,201
29718,Anthony Kim,3,201
08793,Tiger Woods,T4,201
24357,K.J. Choi,T4,201
01226,Fred Couples,6,201
27095,Nick Watney,7,201
24781,Hunter Mahan,T8,201
24663,Y.E. Yang,T8,201
24138,Ian Poulter,T10,201
24846,Ricky Barnes,T10,201
08075,Jerry Kelly,T12,201
19958,Miguel Angel Jiménez,T12,201
22378,Trevor Immelman,T14,201
28158,Steve Marino,T14,201
02206,David Toms,T14,201
26596,Ryan Moore,T14,201
24502,Adam Scott,T18,201
02239,Scott Verplank,T18,201
02256,Tom Watson,T18,201
22293,Heath Slocum,T18,201
20848,Ángel Cabrera,T18,201
06522,Ernie Els,T18,201
23108,Matt Kuchar,T24,201
23541,Ben Crane,T24,201
24924,Bill Haas,T26,201
22046,Geoff Ogilvy,T26,201
01945,Kenny Perry,T26,201
26908,Yuta Ikeda,29,201
26331,Charl Schwartzel,T30,201
22986,Søren Kjeldsen,T30,201
25198,Francesco Molinari,T30,201
06527,Steve Stricker,T30,201
24140,Sean O'Hair,T30,201
25686,Jason Dufner,T30,201
25900,Lucas Glover,T36,201
33199,Matteo Manassero,T36,201
27770,Camilo Villegas,T38,201
20157,Retief Goosen,T38,201
30925,Dustin Johnson,T38,201
07457,Steve Flesch,T38,201
24024,Zach Johnson,42,201
19970,Robert Karlsson,T43,201
10423,Mike Weir,T43,201
10885,Robert Allenby,T45,201
21209,Sergio Garcia,T45,201
12510,Chad Campbell,T45,201
23718,Nathan Green,48,201
20645,John Senden,CUT,201
22621,Ben Curtis,CUT,201
01823,Larry Mize,CUT,201
23135,Tim Clark,CUT,201
30852,Ryo Ishikawa,CUT,201
01666,Bernhard Langer,CUT,201
27408,Martin Kaymer,CUT,201
20766,Padraig Harrington,CUT,201
23983,Luke Donald,CUT,201
23624,Soren Hansen,CUT,201
25572,Graeme McDowell,CUT,201
01887,Mark O'Meara,CUT,201
23320,Ryan Palmer,CUT,201
27657,Nathan Smith,CUT,201
27933,John Merrick,CUT,201
25396,Kevin Na,CUT,201
10860,Justin Leonard,CUT,201
27072,Alvaro Quiros,CUT,201
34023,Brad Benjamin,CUT,201
24512,Simon Dyson,CUT,201
27506,Oliver Wilson,CUT,201
23814,Edoardo Molinari,CUT,201
28237,Rory McIlroy,CUT,201
01473,Todd Hamilton,CUT,201
22913,John Rollins,CUT,201
19846,Brian Gay,CUT,201
09011,David Duval,CUT,201
26851,Marc Leishman,CUT,201
20229,Stewart Cink,CUT,201
20218,Shingo Katayama,CUT,201
26329,Louis Oosthuizen,CUT,201
23621,Rory Sabbatini,CUT,201
27896,Ross Fisher,CUT,201
25364,Paul Casey,CUT,201
06567,Vijay Singh,CUT,201
22000,Chris Wood,CUT,201
21528,Henrik Stenson,CUT,201
01717,Sandy Lyle,CUT,201
33223,Chang-won Han,CUT,201
33948,Byeong Hun An,CUT,201
01235,Ben Crenshaw,CUT,201
33413,Ben Martin,CUT,201
10809,Jim Furyk,CUT,201
02133,Craig Stadler,CUT,201
20859,Anders Hansen,CUT,201
20400,Michael Campbell,CUT,201
02300,Ian Woosnam,CUT,201
24511,Thongchai Jaidee,W/D,201
26331,Charl Schwartzel,1,2011
24502,Adam Scott,T2,2011
28089,Jason Day,T2,2011
22046,Geoff Ogilvy,T4,2011
08793,Tiger Woods,T4,2011
23983,Luke Donald,T4,2011
20848,Ángel Cabrera,7,2011
23623,Bo Van Pelt,T8,2011
24357,K.J. Choi,T8,2011
23320,Ryan Palmer,10,2011
06527,Steve Stricker,T11,2011
23814,Edoardo Molinari,T11,2011
20396,Lee Westwood,T11,2011
22405,Justin Rose,T11,2011
27896,Ross Fisher,T15,2011
28237,Rory McIlroy,T15,2011
22378,Trevor Immelman,T15,2011
01226,Fred Couples,T15,2011
27649,Brandt Snedeker,T15,2011
24846,Ricky Barnes,T20,2011
27936,Martin Laird,T20,2011
30852,Ryo Ishikawa,T20,2011
24663,Y.E. Yang,T20,2011
02206,David Toms,T24,2011
10809,Jim Furyk,T24,2011
31323,Gary Woodland,T24,2011
12716,Charley Hoffman,T27,2011
01810,Phil Mickelson,T27,2011
23108,Matt Kuchar,T27,2011
32839,Hideki Matsuyama,T27,2011
24138,Ian Poulter,T27,2011
27072,Alvaro Quiros,T27,2011
19970,Robert Karlsson,T27,2011
19958,Miguel Angel Jiménez,T27,2011
21209,Sergio Garcia,T35,2011
20472,Alex Cejka,T35,2011
26596,Ryan Moore,T35,2011
25804,Bubba Watson,T38,2011
32102,Rickie Fowler,T38,2011
30925,Dustin Johnson,T38,2011
25364,Paul Casey,T38,2011
28158,Steve Marino,T42,2011
24924,Bill Haas,T42,2011
28475,Jeff Overton,T44,2011
28258,K.T. Kim,T44,2011
27095,Nick Watney,46,2011
22371,Aaron Baddeley,T47,2011
06522,Ernie Els,T47,2011
27770,Camilo Villegas,49,2011
10885,Robert Allenby,CUT,2011
25198,Francesco Molinari,CUT,2011
23135,Tim Clark,CUT,2011
25900,Lucas Glover,CUT,2011
29718,Anthony Kim,CUT,2011
24024,Zach Johnson,CUT,2011
24140,Sean O'Hair,CUT,2011
24781,Hunter Mahan,CUT,2011
20229,Stewart Cink,CUT,2011
21878,Mark Wilson,CUT,2011
08075,Jerry Kelly,CUT,2011
25396,Kevin Na,CUT,2011
20098,Stuart Appleby,CUT,2011
25572,Graeme McDowell,CUT,2011
26908,Yuta Ikeda,CUT,2011
20157,Retief Goosen,CUT,2011
22792,Peter Hanson,CUT,2011
25345,Carl Pettersson,CUT,2011
27064,Jhonattan Vegas,CUT,2011
35211,David Chung,CUT,2011
35212,Lion Kim,CUT,2011
23541,Ben Crane,CUT,2011
24507,Jason Bohn,CUT,2011
25240,D.A. Points,CUT,2011
22293,Heath Slocum,CUT,2011
27214,Kevin Streelman,CUT,2011
29484,Peter Uihlein,CUT,2011
20766,Padraig Harrington,CUT,2011
26329,Louis Oosthuizen,CUT,2011
21284,Hiroyuki Fujita,CUT,2011
22896,Grégory Havret,CUT,2011
20859,Anders Hansen,CUT,2011
27408,Martin Kaymer,CUT,2011
32878,Yeon Jin Jeong,CUT,2011
23621,Rory Sabbatini,CUT,2011
06373,José María Olazábal,CUT,2011
01823,Larry Mize,CUT,2011
01887,Mark O'Meara,CUT,2011
02133,Craig Stadler,CUT,2011
02256,Tom Watson,CUT,2011
24925,Jonathan Byrd,CUT,2011
21407,Arjun Atwal,CUT,2011
01706,Davis Love III,CUT,2011
27657,Nathan Smith,CUT,2011
01717,Sandy Lyle,CUT,2011
06567,Vijay Singh,CUT,2011
02300,Ian Woosnam,CUT,2011
10423,Mike Weir,CUT,2011
01235,Ben Crenshaw,CUT,2011
21528,Henrik Stenson,CUT,2011
25804,Bubba Watson,1,2012
26329,Louis Oosthuizen,2,2012
22792,Peter Hanson,T3,2012
20396,Lee Westwood,T3,2012
23108,Matt Kuchar,T3,2012
01810,Phil Mickelson,T3,2012
24138,Ian Poulter,7,2012
22405,Justin Rose,T8,2012
24502,Adam Scott,T8,2012
20766,Padraig Harrington,T8,2012
10809,Jim Furyk,11,2012
01226,Fred Couples,T12,2012
24781,Hunter Mahan,T12,2012
25396,Kevin Na,T12,2012
21209,Sergio Garcia,T12,2012
25572,Graeme McDowell,T12,2012
23541,Ben Crane,T17,2012
23623,Bo Van Pelt,T17,2012
21961,Charles Howell III,T19,2012
27649,Brandt Snedeker,T19,2012
22046,Geoff Ogilvy,T19,2012
21731,Freddie Jacobson,T19,2012
25198,Francesco Molinari,T19,2012
20859,Anders Hansen,T24,2012
19904,Paul Lawrie,T24,2012
25686,Jason Dufner,T24,2012
32102,Rickie Fowler,T27,2012
30692,Scott Stallings,T27,2012
33141,Keegan Bradley,T27,2012
24925,Jonathan Byrd,T27,2012
06567,Vijay Singh,T27,2012
20848,Ángel Cabrera,T32,2012
23983,Luke Donald,T32,2012
24140,Sean O'Hair,T32,2012
24024,Zach Johnson,T32,2012
27095,Nick Watney,T32,2012
24924,Bill Haas,T37,2012
10944,Thomas Bjørn,T37,2012
28259,Sangmoon Bae,T37,2012
28237,Rory McIlroy,T40,2012
21528,Henrik Stenson,T40,2012
08793,Tiger Woods,T40,2012
22371,Aaron Baddeley,T40,2012
32366,Kevin Chappell,T44,2012
29221,Webb Simpson,T44,2012
27408,Martin Kaymer,T44,2012
27896,Ross Fisher,T47,2012
35450,Patrick Cantlay,T47,2012
06527,Steve Stricker,T47,2012
20229,Stewart Cink,T50,2012
02206,David Toms,T50,2012
19970,Robert Karlsson,T50,2012
26331,Charl Schwartzel,T50,2012
32839,Hideki Matsuyama,T54,2012
02239,Scott Verplank,T54,2012
19958,Miguel Angel Jiménez,56,2012
27936,Martin Laird,T57,2012
24663,Y.E. Yang,T57,2012
23814,Edoardo Molinari,T57,2012
22378,Trevor Immelman,60,2012
25191,Gonzalo Fernandez-Castaño,61,2012
35879,Kelly Kraft,62,2012
28258,K.T. Kim,CUT,2012
20645,John Senden,CUT,2012
30110,Kyle Stanley,CUT,2012
10423,Mike Weir,CUT,2012
25364,Paul Casey,CUT,2012
06373,José María Olazábal,CUT,2012
02256,Tom Watson,CUT,2012
01823,Larry Mize,CUT,2012
21805,Harrison Frazar,CUT,2012
24358,Robert Garrigus,CUT,2012
23320,Ryan Palmer,CUT,2012
23621,Rory Sabbatini,CUT,2012
01666,Bernhard Langer,CUT,2012
30852,Ryo Ishikawa,CUT,2012
24357,K.J. Choi,CUT,2012
33927,Bryden MacPherson,CUT,2012
26476,Chez Reavie,CUT,2012
26951,Johnson Wagner,CUT,2012
25900,Lucas Glover,CUT,2012
21878,Mark Wilson,CUT,2012
02300,Ian Woosnam,CUT,2012
19825,Darren Clarke,CUT,2012
23135,Tim Clark,CUT,2012
27072,Alvaro Quiros,CUT,2012
24512,Simon Dyson,CUT,2012
36332,Corbin Mills,CUT,2012
29518,Brendan Steele,CUT,2012
33536,Randal Lewis,CUT,2012
01235,Ben Crenshaw,CUT,2012
02133,Craig Stadler,CUT,2012
01717,Sandy Lyle,CUT,2012
28089,Jason Day,W/D,2012
31323,Gary Woodland,W/D,2012
24502,Adam Scott,1,2013
20848,Ángel Cabrera,2,2013
28089,Jason Day,3,2013
26851,Marc Leishman,T4,2013
08793,Tiger Woods,T4,2013
27649,Brandt Snedeker,T6,2013
33968,Thorbjørn Olesen,T6,2013
20396,Lee Westwood,T8,2013
21209,Sergio Garcia,T8,2013
23108,Matt Kuchar,T8,2013
34174,John Huh,T11,2013
23135,Tim Clark,T11,2013
06522,Ernie Els,T13,2013
27095,Nick Watney,T13,2013
30925,Dustin Johnson,T13,2013
01226,Fred Couples,T13,2013
02206,David Toms,T13,2013
29974,Branden Grace,T18,2013
21528,Henrik Stenson,T18,2013
25191,Gonzalo Fernandez-Castaño,T20,2013
06527,Steve Stricker,T20,2013
23623,Bo Van Pelt,T20,2013
24924,Bill Haas,T20,2013
25686,Jason Dufner,T20,2013
20229,Stewart Cink,T25,2013
10809,Jim Furyk,T25,2013
32150,Michael Thompson,T25,2013
26331,Charl Schwartzel,T25,2013
24459,Richard Sterne,T25,2013
21731,Freddie Jacobson,T25,2013
22405,Justin Rose,T25,2013
23983,Luke Donald,T25,2013
01666,Bernhard Langer,T25,2013
28237,Rory McIlroy,T25,2013
27408,Martin Kaymer,T35,2013
20645,John Senden,T35,2013
24024,Zach Johnson,T35,2013
24358,Robert Garrigus,T38,2013
25240,D.A. Points,T38,2013
19846,Brian Gay,T38,2013
32102,Rickie Fowler,T38,2013
26596,Ryan Moore,T38,2013
30852,Ryo Ishikawa,T38,2013
06567,Vijay Singh,T38,2013
19904,Paul Lawrie,T38,2013
10944,Thomas Bjørn,T46,2013
21099,David Lynn,T46,2013
24357,K.J. Choi,T46,2013
25900,Lucas Glover,49,2013
25804,Bubba Watson,T50,2013
22378,Trevor Immelman,T50,2013
06373,José María Olazábal,T50,2013
22792,Peter Hanson,T50,2013
01717,Sandy Lyle,T54,2013
25818,Scott Piercy,T54,2013
01810,Phil Mickelson,T54,2013
33141,Keegan Bradley,T54,2013
36471,Guan Tian Liang,58,2013
25396,Kevin Na,59,2013
35541,John Peterson,60,2013
25345,Carl Pettersson,61,2013
27936,Martin Laird,CUT,2013
25369,Jamie Donaldson,CUT,2013
28937,George Coetzee,CUT,2013
33199,Matteo Manassero,CUT,2013
24663,Y.E. Yang,CUT,2013
25572,Graeme McDowell,CUT,2013
27556,"Ted Potter, Jr.",CUT,2013
29221,Webb Simpson,CUT,2013
01823,Larry Mize,CUT,2013
26329,Louis Oosthuizen,CUT,2013
23452,Nicolas Colsaerts,CUT,2013
10423,Mike Weir,CUT,2013
24138,Ian Poulter,CUT,2013
01887,Mark O'Meara,CUT,2013
22621,Ben Curtis,CUT,2013
27933,John Merrick,CUT,2013
39480,T.J. Vogel,CUT,2013
36444,Michael Weaver,CUT,2013
22110,Thaworn Wiratchant,CUT,2013
20766,Padraig Harrington,CUT,2013
27214,Kevin Streelman,CUT,2013
34098,Russell Henley,CUT,2013
27657,Nathan Smith,CUT,2013
25198,Francesco Molinari,CUT,2013
38985,Steven Fox,CUT,2013
02256,Tom Watson,CUT,2013
02133,Craig Stadler,CUT,2013
24781,Hunter Mahan,CUT,2013
02300,Ian Woosnam,CUT,2013
34443,Alan Dunbar,CUT,2013
21284,Hiroyuki Fujita,CUT,2013
01235,Ben Crenshaw,CUT,2013
25804,Bubba Watson,1,2014
34046,Jordan Spieth,T2,2014
27895,Jonas Blixt,T2,2014
19958,Miguel Angel Jiménez,4,2014
32102,Rickie Fowler,T5,2014
23108,Matt Kuchar,T5,2014
20396,Lee Westwood,7,2014
10944,Thomas Bjørn,T8,2014
01666,Bernhard Langer,T8,2014
28237,Rory McIlroy,T8,2014
25632,Jimmy Walker,T8,2014
26679,Kevin Stadler,T8,2014
20645,John Senden,T8,2014
24502,Adam Scott,T14,2014
10809,Jim Furyk,T14,2014
20229,Stewart Cink,T14,2014
22405,Justin Rose,T14,2014
21528,Henrik Stenson,T14,2014
25369,Jamie Donaldson,T14,2014
24138,Ian Poulter,T20,2014
01226,Fred Couples,T20,2014
24924,Bill Haas,T20,2014
28089,Jason Day,T20,2014
30926,Chris Kirk,T20,2014
26329,Louis Oosthuizen,25,2014
25191,Gonzalo Fernandez-Castaño,T26,2014
28300,Joost Luiten,T26,2014
25274,Steven Bowditch,T26,2014
31323,Gary Woodland,T26,2014
24781,Hunter Mahan,T26,2014
06527,Steve Stricker,T31,2014
34098,Russell Henley,T31,2014
27408,Martin Kaymer,T31,2014
24357,K.J. Choi,T34,2014
06373,José María Olazábal,T34,2014
20376,Stephen Gallacher,T34,2014
23638,Brendon de Jonge,T37,2014
24511,Thongchai Jaidee,T37,2014
06567,Vijay Singh,T37,2014
27649,Brandt Snedeker,T37,2014
29420,Billy Horschel,T37,2014
25900,Lucas Glover,T42,2014
27214,Kevin Streelman,T42,2014
27095,Nick Watney,T44,2014
10423,Mike Weir,T44,2014
33968,Thorbjørn Olesen,T44,2014
19825,Darren Clarke,T44,2014
01717,Sandy Lyle,T44,2014
37351,Oliver Goss,49,2014
25198,Francesco Molinari,50,2014
01823,Larry Mize,51,2014
01810,Phil Mickelson,CUT,2014
26596,Ryan Moore,CUT,2014
26851,Marc Leishman,CUT,2014
29221,Webb Simpson,CUT,2014
28259,Sangmoon Bae,CUT,2014
40098,Matt Fitzpatrick,CUT,2014
28339,Victor Dubuisson,CUT,2014
23983,Luke Donald,CUT,2014
26331,Charl Schwartzel,CUT,2014
06522,Ernie Els,CUT,2014
21209,Sergio Garcia,CUT,2014
02300,Ian Woosnam,CUT,2014
25572,Graeme McDowell,CUT,2014
34099,Harris English,CUT,2014
25240,D.A. Points,CUT,2014
24024,Zach Johnson,CUT,2014
20104,Ken Duke,CUT,2014
34174,John Huh,CUT,2014
30925,Dustin Johnson,CUT,2014
32839,Hideki Matsuyama,CUT,2014
33199,Matteo Manassero,CUT,2014
21099,David Lynn,CUT,2014
20848,Ángel Cabrera,CUT,2014
26300,Matt Jones,CUT,2014
27436,Graham DeLaet,CUT,2014
34360,Patrick Reed,CUT,2014
37273,Derek Ernst,CUT,2014
01887,Mark O'Meara,CUT,2014
32200,Roberto Castro,CUT,2014
33141,Keegan Bradley,CUT,2014
46049,Chang-woo Lee,CUT,2014
22378,Trevor Immelman,CUT,2014
29974,Branden Grace,CUT,2014
24663,Y.E. Yang,CUT,2014
25686,Jason Dufner,CUT,2014
46048,Jordan Niebrugge,CUT,2014
30692,Scott Stallings,CUT,2014
28307,Matt Every,CUT,2014
26289,Boo Weekley,CUT,2014
36976,Garrick Porteous,CUT,2014
23135,Tim Clark,CUT,2014
22792,Peter Hanson,CUT,2014
02133,Craig Stadler,CUT,2014
02256,Tom Watson,CUT,2014
40072,Michael McCoy,CUT,2014
01235,Ben Crenshaw,CUT,2014
34046,Jordan Spieth,1,2015
01810,Phil Mickelson,T2,2015
22405,Justin Rose,T2,2015
28237,Rory McIlroy,4,2015
32839,Hideki Matsuyama,5,2015
25364,Paul Casey,T6,2015
24138,Ian Poulter,T6,2015
30925,Dustin Johnson,T6,2015
12716,Charley Hoffman,T9,2015
24781,Hunter Mahan,T9,2015
24024,Zach Johnson,T9,2015
26596,Ryan Moore,T12,2015
24924,Bill Haas,T12,2015
25396,Kevin Na,T12,2015
27214,Kevin Streelman,T12,2015
32102,Rickie Fowler,T12,2015
08793,Tiger Woods,T17,2015
21209,Sergio Garcia,T17,2015
21528,Henrik Stenson,T19,2015
26329,Louis Oosthuizen,T19,2015
34098,Russell Henley,21,2015
34360,Patrick Reed,T22,2015
20848,Ángel Cabrera,T22,2015
33141,Keegan Bradley,T22,2015
01887,Mark O'Meara,T22,2015
06522,Ernie Els,T22,2015
29454,Bernd Wiesberger,T22,2015
28089,Jason Day,T28,2015
27895,Jonas Blixt,T28,2015
06527,Steve Stricker,T28,2015
29221,Webb Simpson,T28,2015
33461,Morgan Hoffmann,T28,2015
36689,Brooks Koepka,T33,2015
30926,Chris Kirk,T33,2015
23320,Ryan Palmer,T33,2015
25369,Jamie Donaldson,T33,2015
28259,Sangmoon Bae,T33,2015
26331,Charl Schwartzel,T38,2015
24502,Adam Scott,T38,2015
29289,S.Y. Noh,T38,2015
32139,Danny Willett,T38,2015
25632,Jimmy Walker,T38,2015
25804,Bubba Watson,T38,2015
20645,John Senden,T38,2015
33419,Cameron Tringale,T38,2015
23108,Matt Kuchar,T46,2015
20396,Lee Westwood,T46,2015
22046,Geoff Ogilvy,48,2015
25686,Jason Dufner,T49,2015
31420,Anirban Lahiri,T49,2015
24494,Erik Compton,51,2015
25572,Graeme McDowell,T52,2015
19825,Darren Clarke,T52,2015
06567,Vijay Singh,54,2015
24511,Thongchai Jaidee,55,2015
20376,Stephen Gallacher,CUT,2015
01666,Bernhard Langer,CUT,2015
33204,Shane Lowry,CUT,2015
24956,Mikko Ilonen,CUT,2015
23983,Luke Donald,CUT,2015
10809,Jim Furyk,CUT,2015
27141,J.B. Holmes,CUT,2015
27649,Brandt Snedeker,CUT,2015
28307,Matt Every,CUT,2015
31323,Gary Woodland,CUT,2015
32448,James Hahn,CUT,2015
33413,Ben Martin,CUT,2015
29420,Billy Horschel,CUT,2015
27644,Brian Harman,CUT,2015
27770,Camilo Villegas,CUT,2015
29974,Branden Grace,CUT,2015
28300,Joost Luiten,CUT,2015
02300,Ian Woosnam,CUT,2015
39997,Corey Conners,CUT,2015
28339,Victor Dubuisson,CUT,2015
20766,Padraig Harrington,CUT,2015
06373,José María Olazábal,CUT,2015
01717,Sandy Lyle,CUT,2015
35890,Byron Meth,CUT,2015
30927,Brendon Todd,CUT,2015
01823,Larry Mize,CUT,2015
26679,Kevin Stadler,CUT,2015
19958,Miguel Angel Jiménez,CUT,2015
27408,Martin Kaymer,CUT,2015
35112,Anthony Murdaca,CUT,2015
10944,Thomas Bjørn,CUT,2015
47527,Matias Dominguez,CUT,2015
02256,Tom Watson,CUT,2015
01226,Fred Couples,CUT,2015
22378,Trevor Immelman,CUT,2015
34431,Robert Streb,CUT,2015
23541,Ben Crane,CUT,2015
46569,Bradley Neil,CUT,2015
47644,Scott Harvey,CUT,2015
46932,Gunn Yang,CUT,2015
10423,Mike Weir,CUT,2015
01235,Ben Crenshaw,CUT,2015
32139,Danny Willett,1,2016
20396,Lee Westwood,T2,2016
34046,Jordan Spieth,T2,2016
30925,Dustin Johnson,T4,2016
27141,J.B. Holmes,T4,2016
25364,Paul Casey,T4,2016
22986,Søren Kjeldsen,T7,2016
40098,Matt Fitzpatrick,T7,2016
32839,Hideki Matsuyama,T7,2016
28237,Rory McIlroy,T10,2016
22405,Justin Rose,T10,2016
28089,Jason Day,T10,2016
27649,Brandt Snedeker,T10,2016
40026,Daniel Berger,T10,2016
26329,Louis Oosthuizen,T15,2016
30978,Kiradech Aphibarnrat,T15,2016
29926,Danny Lee,T17,2016
26499,Rafa Cabrera Bello,T17,2016
31646,Emiliano Grillo,T17,2016
29420,Billy Horschel,T17,2016
36689,Brooks Koepka,T21,2016
47959,Bryson DeChambeau,T21,2016
25369,Jamie Donaldson,T21,2016
21528,Henrik Stenson,T24,2016
01666,Bernhard Langer,T24,2016
20848,Ángel Cabrera,T24,2016
23108,Matt Kuchar,T24,2016
24924,Bill Haas,T24,2016
25632,Jimmy Walker,T29,2016
12716,Charley Hoffman,T29,2016
29221,Webb Simpson,T29,2016
25818,Scott Piercy,T29,2016
46440,Smylie Kaufman,T29,2016
27214,Kevin Streelman,T34,2016
29454,Bernd Wiesberger,T34,2016
21209,Sergio Garcia,T34,2016
25804,Bubba Watson,T37,2016
29478,Kevin Kisner,T37,2016
33448,Justin Thomas,T39,2016
33204,Shane Lowry,T39,2016
37250,Romain Langasque,T39,2016
31420,Anirban Lahiri,T42,2016
28339,Victor Dubuisson,T42,2016
22000,Chris Wood,T42,2016
24502,Adam Scott,T42,2016
34099,Harris English,T42,2016
32640,Troy Merritt,T42,2016
01706,Davis Love III,T42,2016
34360,Patrick Reed,T49,2016
24138,Ian Poulter,T49,2016
27408,Martin Kaymer,T49,2016
33141,Keegan Bradley,T52,2016
01823,Larry Mize,T52,2016
24781,Hunter Mahan,54,2016
25396,Kevin Na,T55,2016
35891,Cameron Smith,T55,2016
24511,Thongchai Jaidee,57,2016
33948,Byeong Hun An,CUT,2016
22378,Trevor Immelman,CUT,2016
26851,Marc Leishman,CUT,2016
01810,Phil Mickelson,CUT,2016
23325,Vaughn Taylor,CUT,2016
24024,Zach Johnson,CUT,2016
02256,Tom Watson,CUT,2016
33122,Russell Knox,CUT,2016
29974,Branden Grace,CUT,2016
34409,David Lingmerth,CUT,2016
26331,Charl Schwartzel,CUT,2016
06522,Ernie Els,CUT,2016
25572,Graeme McDowell,CUT,2016
06567,Vijay Singh,CUT,2016
25686,Jason Dufner,CUT,2016
30926,Chris Kirk,CUT,2016
31557,Jim Herman,CUT,2016
32102,Rickie Fowler,CUT,2016
49575,Derek Bard,CUT,2016
10423,Mike Weir,CUT,2016
26596,Ryan Moore,CUT,2016
28071,Sammy Schmitz,CUT,2016
34431,Robert Streb,CUT,2016
28679,Fabián Gómez,CUT,2016
01887,Mark O'Meara,CUT,2016
39826,Cheng Jin,CUT,2016
35314,Andy Sullivan,CUT,2016
01717,Sandy Lyle,CUT,2016
19825,Darren Clarke,CUT,2016
25274,Steven Bowditch,CUT,2016
02300,Ian Woosnam,CUT,2016
49576,Paul Chaplet,CUT,2016
21209,Sergio Garcia,1,2017
22405,Justin Rose,2,2017
26331,Charl Schwartzel,3,2017
33293,Thomas Pieters,T4,2017
23108,Matt Kuchar,T4,2017
25364,Paul Casey,6,2017
28237,Rory McIlroy,T7,2017
32366,Kevin Chappell,T7,2017
24502,Adam Scott,T9,2017
26596,Ryan Moore,T9,2017
36689,Brooks Koepka,T11,2017
32102,Rickie Fowler,T11,2017
34046,Jordan Spieth,T11,2017
34098,Russell Henley,T11,2017
32839,Hideki Matsuyama,T11,2017
27408,Martin Kaymer,T16,2017
06527,Steve Stricker,T16,2017
01226,Fred Couples,T18,2017
24361,Pat Perez,T18,2017
25632,Jimmy Walker,T18,2017
20396,Lee Westwood,T18,2017
12716,Charley Hoffman,T22,2017
01810,Phil Mickelson,T22,2017
33448,Justin Thomas,T22,2017
31202,William McGirt,T22,2017
28089,Jason Day,T22,2017
40026,Daniel Berger,T27,2017
29518,Brendan Steele,T27,2017
27649,Brandt Snedeker,T27,2017
29974,Branden Grace,T27,2017
46970,Jon Rahm,T27,2017
40098,Matt Fitzpatrick,32,2017
25198,Francesco Molinari,T33,2017
33948,Byeong Hun An,T33,2017
25686,Jason Dufner,T33,2017
24924,Bill Haas,T36,2017
51586,Stewart Hagestad,T36,2017
22986,Søren Kjeldsen,T36,2017
33399,Adam Hadwin,T36,2017
31560,Brian Stuard,T36,2017
27896,Ross Fisher,T41,2017
26329,Louis Oosthuizen,T41,2017
29454,Bernd Wiesberger,T43,2017
26851,Marc Leishman,T43,2017
29478,Kevin Kisner,T43,2017
25834,Daniel Summerhays,T46,2017
37380,Curtis Luck,T46,2017
32448,James Hahn,T48,2017
35314,Andy Sullivan,T48,2017
27141,J.B. Holmes,50,2017
31646,Emiliano Grillo,51,2017
01823,Larry Mize,52,2017
06522,Ernie Els,53,2017
26908,Yuta Ikeda,CUT,2017
33204,Shane Lowry,CUT,2017
22000,Chris Wood,CUT,2017
32139,Danny Willett,CUT,2017
29222,Billy Hurley III,CUT,2017
10809,Jim Furyk,CUT,2017
25396,Kevin Na,CUT,2017
24024,Zach Johnson,CUT,2017
29221,Webb Simpson,CUT,2017
25804,Bubba Watson,CUT,2017
25818,Scott Piercy,CUT,2017
20572,Rod Pampling,CUT,2017
30911,Tommy Fleetwood,CUT,2017
33122,Russell Knox,CUT,2017
21528,Henrik Stenson,CUT,2017
27349,Alex Noren,CUT,2017
26499,Rafa Cabrera Bello,CUT,2017
06373,José María Olazábal,CUT,2017
06567,Vijay Singh,CUT,2017
01666,Bernhard Langer,CUT,2017
24140,Sean O'Hair,CUT,2017
49826,Brad Dalke,CUT,2017
34264,Hudson Swafford,CUT,2017
34360,Patrick Reed,CUT,2017
20848,Ángel Cabrera,CUT,2017
27064,Jhonattan Vegas,CUT,2017
02300,Ian Woosnam,CUT,2017
22378,Trevor Immelman,CUT,2017
10423,Mike Weir,CUT,2017
31323,Gary Woodland,CUT,2017
01887,Mark O'Meara,CUT,2017
21498,Hideto Tanihara,CUT,2017
37455,Si Woo Kim,CUT,2017
39958,Jeunghun Wang,CUT,2017
32200,Roberto Castro,CUT,2017
50735,Scott Gregory,CUT,2017
34363,Tyrrell Hatton,CUT,2017
35506,Mackenzie Hughes,CUT,2017
01717,Sandy Lyle,CUT,2017
47061,Tomas Gana,CUT,2017
34360,Patrick Reed,1,2018
32102,Rickie Fowler,2,2018
34046,Jordan Spieth,3,2018
46970,Jon Rahm,4,2018
21528,Henrik Stenson,T5,2018
28237,Rory McIlroy,T5,2018
35891,Cameron Smith,T5,2018
25804,Bubba Watson,T5,2018
26851,Marc Leishman,9,2018
30925,Dustin Johnson,T10,2018
29725,Tony Finau,T10,2018
12716,Charley Hoffman,T12,2018
26329,Louis Oosthuizen,T12,2018
22405,Justin Rose,T12,2018
25364,Paul Casey,T15,2018
34098,Russell Henley,T15,2018
33448,Justin Thomas,T17,2018
30911,Tommy Fleetwood,T17,2018
32839,Hideki Matsuyama,19,2018
25198,Francesco Molinari,T20,2018
28089,Jason Day,T20,2018
25632,Jimmy Walker,T20,2018
29221,Webb Simpson,T20,2018
29454,Bernd Wiesberger,T24,2018
33399,Adam Hadwin,T24,2018
37455,Si Woo Kim,T24,2018
29974,Branden Grace,T24,2018
32816,Satoshi Kodaira,T28,2018
29478,Kevin Kisner,T28,2018
26596,Ryan Moore,T28,2018
23108,Matt Kuchar,T28,2018
08793,Tiger Woods,T32,2018
24502,Adam Scott,T32,2018
40026,Daniel Berger,T32,2018
35296,Haotong Li,T32,2018
01810,Phil Mickelson,T36,2018
24024,Zach Johnson,T36,2018
01226,Fred Couples,T38,2018
47959,Bryson DeChambeau,T38,2018
40098,Matt Fitzpatrick,T38,2018
01666,Bernhard Langer,T38,2018
26499,Rafa Cabrera Bello,T38,2018
27064,Jhonattan Vegas,T38,2018
30978,Kiradech Aphibarnrat,T44,2018
24138,Ian Poulter,T44,2018
34363,Tyrrell Hatton,T44,2018
27644,Brian Harman,T44,2018
27408,Martin Kaymer,48,2018
06567,Vijay Singh,49,2018
48081,Xander Schauffele,T50,2018
52375,Doug Ghim,T50,2018
30110,Kyle Stanley,52,2018
26476,Chez Reavie,53,2018
25686,Jason Dufner,CUT,2018
06373,José María Olazábal,CUT,2018
26331,Charl Schwartzel,CUT,2018
01717,Sandy Lyle,CUT,2018
29970,Dylan Frittelli,CUT,2018
39113,Shubhankar Sharma,CUT,2018
32139,Danny Willett,CUT,2018
27556,"Ted Potter, Jr.",CUT,2018
29518,Brendan Steele,CUT,2018
35450,Patrick Cantlay,CUT,2018
33293,Thomas Pieters,CUT,2018
48084,Wesley Bryan,CUT,2018
32757,Patton Kizzire,CUT,2018
24361,Pat Perez,CUT,2018
27896,Ross Fisher,CUT,2018
45486,Joaquin Niemann,CUT,2018
26908,Yuta Ikeda,CUT,2018
22378,Trevor Immelman,CUT,2018
27349,Alex Noren,CUT,2018
32366,Kevin Chappell,CUT,2018
53165,Doc Redman,CUT,2018
46435,Austin Cook,CUT,2018
31323,Gary Woodland,CUT,2018
23821,Yusaku Miyazato,CUT,2018
02300,Ian Woosnam,CUT,2018
10423,Mike Weir,CUT,2018
29420,Billy Horschel,CUT,2018
01823,Larry Mize,CUT,2018
01887,Mark O'Meara,CUT,2018
20848,Ángel Cabrera,CUT,2018
21209,Sergio Garcia,CUT,2018
46837,Yuxin Lin,CUT,2018
54318,Matt Parziale,CUT,2018
52569,Harry Ellis,CUT,2018
08793,Tiger Woods,1,2019
30925,Dustin Johnson,T2,2019
36689,Brooks Koepka,T2,2019
48081,Xander Schauffele,T2,2019
29725,Tony Finau,T5,2019
29221,Webb Simpson,T5,2019
28089,Jason Day,T5,2019
25198,Francesco Molinari,T5,2019
46970,Jon Rahm,T9,2019
35450,Patrick Cantlay,T9,2019
32102,Rickie Fowler,T9,2019
33448,Justin Thomas,T12,2019
25804,Bubba Watson,T12,2019
23108,Matt Kuchar,T12,2019
28938,Justin Harding,T12,2019
24138,Ian Poulter,T12,2019
49964,Aaron Wise,17,2019
32757,Patton Kizzire,T18,2019
01810,Phil Mickelson,T18,2019
24502,Adam Scott,T18,2019
29478,Kevin Kisner,T21,2019
33803,Lucas Bjerregaard,T21,2019
33968,Thorbjørn Olesen,T21,2019
40098,Matt Fitzpatrick,T21,2019
37455,Si Woo Kim,T21,2019
28237,Rory McIlroy,T21,2019
30110,Kyle Stanley,T21,2019
34046,Jordan Spieth,T21,2019
47959,Bryson DeChambeau,T29,2019
12716,Charley Hoffman,T29,2019
26329,Louis Oosthuizen,T29,2019
46717,Viktor Hovland,T32,2019
32839,Hideki Matsuyama,T32,2019
21961,Charles Howell III,T32,2019
31323,Gary Woodland,T32,2019
25632,Jimmy Walker,T36,2019
34360,Patrick Reed,T36,2019
32333,Kevin Tway,T36,2019
39262,Alvaro Ortiz,T36,2019
26499,Rafa Cabrera Bello,T36,2019
21528,Henrik Stenson,T36,2019
30911,Tommy Fleetwood,T36,2019
35296,Haotong Li,T43,2019
33141,Keegan Bradley,T43,2019
39546,Keith Mitchell,T43,2019
33410,Andrew Landry,T46,2019
25396,Kevin Na,T46,2019
39997,Corey Conners,T46,2019
26851,Marc Leishman,T49,2019
30978,Kiradech Aphibarnrat,T49,2019
35891,Cameron Smith,T51,2019
34709,Eddie Pepperell,T51,2019
22378,Trevor Immelman,T51,2019
27408,Martin Kaymer,T51,2019
55888,Devon Bling,55,2019
29420,Billy Horschel,T56,2019
34363,Tyrrell Hatton,T56,2019
47917,Takumi Kanaya,T58,2019
24024,Zach Johnson,T58,2019
29974,Branden Grace,T58,2019
32816,Satoshi Kodaira,61,2019
27349,Alex Noren,T62,2019
01666,Bernhard Langer,T62,2019
27141,J.B. Holmes,T62,2019
31646,Emiliano Grillo,T62,2019
34449,Kevin O'Connell,CUT,2019
20229,Stewart Cink,CUT,2019
22405,Justin Rose,CUT,2019
32139,Danny Willett,CUT,2019
10423,Mike Weir,CUT,2019
21209,Sergio Garcia,CUT,2019
01717,Sandy Lyle,CUT,2019
26331,Charl Schwartzel,CUT,2019
27649,Brandt Snedeker,CUT,2019
35449,Adam Long,CUT,2019
01226,Fred Couples,CUT,2019
32775,Shugo Imahira,CUT,2019
33204,Shane Lowry,CUT,2019
01823,Larry Mize,CUT,2019
48887,Matt Wallace,CUT,2019
51563,Jovan Rebula,CUT,2019
25364,Paul Casey,CUT,2019
39975,Michael Kim,CUT,2019
06567,Vijay Singh,CUT,2019
02300,Ian Woosnam,CUT,2019
06373,José María Olazábal,CUT,2019
20848,Ángel Cabrera,CUT,2019
30925,Dustin Johnson,1,2021
35891,Cameron Smith,T2,2021
39971,Sungjae Im,T2,2021
33448,Justin Thomas,4,2021
28237,Rory McIlroy,T5,2021
29970,Dylan Frittelli,T5,2021
46970,Jon Rahm,T7,2021
29908,C.T. Pan,T7,2021
36689,Brooks Koepka,T7,2021
34360,Patrick Reed,T10,2021
29221,Webb Simpson,T10,2021
39997,Corey Conners,T10,2021
45526,Abraham Ancer,T13,2021
32839,Hideki Matsuyama,T13,2021
25396,Kevin Na,T13,2021
26851,Marc Leishman,T13,2021
35450,Patrick Cantlay,T17,2021
48081,Xander Schauffele,T17,2021
46046,Scottie Scheffler,T19,2021
52372,Cameron Champ,T19,2021
30911,Tommy Fleetwood,T19,2021
48822,Sebastián Muñoz,T19,2021
22405,Justin Rose,T23,2021
26329,Louis Oosthuizen,T23,2021
26331,Charl Schwartzel,T25,2021
24138,Ian Poulter,T25,2021
33204,Shane Lowry,T25,2021
32139,Danny Willett,T25,2021
25493,Nick Taylor,T29,2021
01666,Bernhard Langer,T29,2021
27974,Sung Kang,T29,2021
26476,Chez Reavie,T29,2021
32102,Rickie Fowler,T29,2021
57944,Andy Ogletree,T34,2021
24502,Adam Scott,T34,2021
47959,Bryson DeChambeau,T34,2021
37455,Si Woo Kim,T34,2021
45522,Christiaan Bezuidenhout,T38,2021
20396,Lee Westwood,T38,2021
25364,Paul Casey,T38,2021
29725,Tony Finau,T38,2021
29420,Billy Horschel,T38,2021
08793,Tiger Woods,T38,2021
50525,Collin Morikawa,T44,2021
32775,Shugo Imahira,T44,2021
47679,Victor Perez,T46,2021
48887,Matt Wallace,T46,2021
40098,Matt Fitzpatrick,T46,2021
21961,Charles Howell III,T46,2021
34046,Jordan Spieth,T46,2021
24024,Zach Johnson,T51,2021
10423,Mike Weir,T51,2021
47238,Jazz Janewattananond,T51,2021
26499,Rafa Cabrera Bello,T51,2021
01810,Phil Mickelson,T55,2021
56676,John Augenstein,T55,2021
25804,Bubba Watson,57,2021
29454,Bernd Wiesberger,58,2021
27649,Brandt Snedeker,59,2021
25632,Jimmy Walker,60,2021
23108,Matt Kuchar,CUT,2021
34256,Andrew Putnam,CUT,2021
31323,Gary Woodland,CUT,2021
39977,Max Homa,CUT,2021
21528,Henrik Stenson,CUT,2021
33948,Byeong Hun An,CUT,2021
25572,Graeme McDowell,CUT,2021
33399,Adam Hadwin,CUT,2021
28938,Justin Harding,CUT,2021
30927,Brendon Todd,CUT,2021
29478,Kevin Kisner,CUT,2021
01823,Larry Mize,CUT,2021
35310,Lanto Griffin,CUT,2021
56278,Matthew Wolff,CUT,2021
34363,Tyrrell Hatton,CUT,2021
52324,James Sugrue,CUT,2021
28089,Jason Day,CUT,2021
45609,Tyler Duncan,CUT,2021
49771,J.T. Poston,CUT,2021
30944,Jason Kokrak,CUT,2021
01226,Fred Couples,CUT,2021
25198,Francesco Molinari,CUT,2021
51616,Lukas Michel,CUT,2021
01717,Sandy Lyle,CUT,2021
25900,Lucas Glover,CUT,2021
28775,Nate Lashley,CUT,2021
46837,Yuxin Lin,CUT,2021
06373,José María Olazábal,CUT,2021
33410,Andrew Landry,CUT,2021
58166,Abel Gallegos,CUT,2021
06567,Vijay Singh,W/D,2021
40006,Erik van Rooyen,W/D,2021
46046,Scottie Scheffler,1,2022
28237,Rory McIlroy,2,2022
35891,Cameron Smith,T3,2022
33204,Shane Lowry,T3,2022
50525,Collin Morikawa,5,2022
47483,Will Zalatoris,T6,2022
39997,Corey Conners,T6,2022
39971,Sungjae Im,T8,2022
33448,Justin Thomas,T8,2022
52372,Cameron Champ,T10,2022
26331,Charl Schwartzel,T10,2022
32139,Danny Willett,T12,2022
30925,Dustin Johnson,T12,2022
30944,Jason Kokrak,T14,2022
33597,Harry Higgs,T14,2022
25396,Kevin Na,T14,2022
37378,Min Woo Lee,T14,2022
46402,Talor Gooch,T14,2022
30911,Tommy Fleetwood,T14,2022
40098,Matt Fitzpatrick,T14,2022
20396,Lee Westwood,T14,2022
32839,Hideki Matsuyama,T14,2022
52215,Robert MacIntyre,T23,2022
21209,Sergio Garcia,T23,2022
37189,Harold Varner III,T23,2022
39324,J.J. Spaun,T23,2022
46970,Jon Rahm,T27,2022
46717,Viktor Hovland,T27,2022
28252,Seamus Power,T27,2022
49960,Sepp Straka,T30,2022
26851,Marc Leishman,T30,2022
25900,Lucas Glover,T30,2022
34098,Russell Henley,T30,2022
34264,Hudson Swafford,T30,2022
34360,Patrick Reed,T35,2022
29221,Webb Simpson,T35,2022
29725,Tony Finau,T35,2022
45486,Joaquin Niemann,T35,2022
37455,Si Woo Kim,T39,2022
35532,Tom Hoge,T39,2022
25804,Bubba Watson,T39,2022
35450,Patrick Cantlay,T39,2022
29420,Billy Horschel,43,2022
29478,Kevin Kisner,T44,2022
45522,Christiaan Bezuidenhout,T44,2022
45157,Cam Davis,46,2022
08793,Tiger Woods,47,2022
24502,Adam Scott,T48,2022
39977,Max Homa,T48,2022
40026,Daniel Berger,T50,2022
35506,Mackenzie Hughes,T50,2022
34363,Tyrrell Hatton,52,2022
47917,Takumi Kanaya,CUT,2022
20766,Padraig Harrington,CUT,2022
32791,K.H. Lee,CUT,2022
47504,Sam Burns,CUT,2022
27644,Brian Harman,CUT,2022
24024,Zach Johnson,CUT,2022
23320,Ryan Palmer,CUT,2022
36689,Brooks Koepka,CUT,2022
34046,Jordan Spieth,CUT,2022
10423,Mike Weir,CUT,2022
39058,Lucas Herbert,CUT,2022
49228,Keita Nakajima,CUT,2022
45526,Abraham Ancer,CUT,2022
20229,Stewart Cink,CUT,2022
48081,Xander Schauffele,CUT,2022
61143,Austin Greaser,CUT,2022
27129,Luke List,CUT,2022
31323,Gary Woodland,CUT,2022
40006,Erik van Rooyen,CUT,2022
39834,Guido Migliozzi,CUT,2022
25198,Francesco Molinari,CUT,2022
01666,Bernhard Langer,CUT,2022
22405,Justin Rose,CUT,2022
01226,Fred Couples,CUT,2022
57366,Cameron Young,CUT,2022
59164,James Piot,CUT,2022
01823,Larry Mize,CUT,2022
54421,Garrick Higgo,CUT,2022
61560,Aaron Jarvis,CUT,2022
47959,Bryson DeChambeau,CUT,2022
01717,Sandy Lyle,CUT,2022
06567,Vijay Singh,CUT,2022
56278,Matthew Wolff,CUT,2022
33293,Thomas Pieters,CUT,2022
51586,Stewart Hagestad,CUT,2022
06373,José María Olazábal,CUT,2022
60371,Laird Shepherd,CUT,2022
26329,Louis Oosthuizen,W/D,2022
46970,Jon Rahm,1,2023
01810,Phil Mickelson,T2,2023
36689,Brooks Koepka,T2,2023
34360,Patrick Reed,T4,2023
34046,Jordan Spieth,T4,2023
34098,Russell Henley,T4,2023
57366,Cameron Young,T7,2023
46717,Viktor Hovland,T7,2023
51634,Sahith Theegala,9,2023
46046,Scottie Scheffler,T10,2023
48081,Xander Schauffele,T10,2023
50525,Collin Morikawa,T10,2023
40098,Matt Fitzpatrick,T10,2023
31323,Gary Woodland,T14,2023
35450,Patrick Cantlay,T14,2023
59652,Sam Bennett,T16,2023
45486,Joaquin Niemann,T16,2023
22405,Justin Rose,T16,2023
33204,Shane Lowry,T16,2023
32839,Hideki Matsuyama,T16,2023
39971,Sungjae Im,T16,2023
55182,Tom Kim,T16,2023
32791,K.H. Lee,T23,2023
33141,Keegan Bradley,T23,2023
30926,Chris Kirk,T23,2023
29725,Tony Finau,T26,2023
30692,Scott Stallings,T26,2023
29936,Ryan Fox,T26,2023
37455,Si Woo Kim,T29,2023
35506,Mackenzie Hughes,T29,2023
37189,Harold Varner III,T29,2023
47504,Sam Burns,T29,2023
30911,Tommy Fleetwood,33,2023
35891,Cameron Smith,T34,2023
34363,Tyrrell Hatton,T34,2023
46402,Talor Gooch,T34,2023
49771,J.T. Poston,T34,2023
24024,Zach Johnson,T34,2023
49947,Taylor Moore,T39,2023
28089,Jason Day,T39,2023
24502,Adam Scott,T39,2023
45526,Abraham Ancer,T39,2023
47529,Mito Pereira,T43,2023
39977,Max Homa,T43,2023
34099,Harris English,T43,2023
49960,Sepp Straka,T46,2023
28252,Seamus Power,T46,2023
33293,Thomas Pieters,T48,2023
30925,Dustin Johnson,T48,2023
01226,Fred Couples,T50,2023
26331,Charl Schwartzel,T50,2023
29420,Billy Horschel,52,2023
39546,Keith Mitchell,53,2023
35532,Tom Hoge,CUT,2023
33448,Justin Thomas,CUT,2023
47959,Bryson DeChambeau,CUT,2023
10423,Mike Weir,CUT,2023
25198,Francesco Molinari,CUT,2023
01666,Bernhard Langer,CUT,2023
28237,Rory McIlroy,CUT,2023
33674,Adrian Meronk,CUT,2023
60006,Ben Carr,CUT,2023
29478,Kevin Kisner,CUT,2023
52372,Cameron Champ,CUT,2023
35778,Kazuki Higa,CUT,2023
32139,Danny Willett,CUT,2023
06567,Vijay Singh,CUT,2023
37378,Min Woo Lee,CUT,2023
54278,Mateo Fernandez de Oliveira,CUT,2023
57736,Matthew McClean,CUT,2023
21209,Sergio Garcia,CUT,2023
63343,Aldrich Potgieter,CUT,2023
27644,Brian Harman,CUT,2023
30944,Jason Kokrak,CUT,2023
48117,Kurt Kitayama,CUT,2023
54288,Harrison Crowe,CUT,2023
39997,Corey Conners,CUT,2023
25804,Bubba Watson,CUT,2023
27349,Alex Noren,CUT,2023
64442,Gordon Sargent,CUT,2023
06373,José María Olazábal,CUT,2023
40115,Adam Svensson,CUT,2023
01823,Larry Mize,CUT,2023
01717,Sandy Lyle,CUT,2023
25396,Kevin Na,W/D,2023
47483,Will Zalatoris,W/D,2023
26329,Louis Oosthuizen,W/D,2023
08793,Tiger Woods,W/D,2023
46046,Scottie Scheffler,1,2024
52955,Ludvig Åberg,2,2024
30911,Tommy Fleetwood,T3,2024
50525,Collin Morikawa,T3,2024
39977,Max Homa,T3,2024
47959,Bryson DeChambeau,T6,2024
35891,Cameron Smith,T6,2024
48081,Xander Schauffele,8,2024
47483,Will Zalatoris,T9,2024
57366,Cameron Young,T9,2024
34363,Tyrrell Hatton,T9,2024
45157,Cam Davis,T12,2024
48153,Matthieu Pavon,T12,2024
34360,Patrick Reed,T12,2024
47347,Adam Schenk,T12,2024
30926,Chris Kirk,T16,2024
52453,Nicolai Højgaard,T16,2024
33948,Byeong Hun An,T16,2024
49960,Sepp Straka,T16,2024
25900,Lucas Glover,T20,2024
49947,Taylor Moore,T20,2024
33141,Keegan Bradley,T22,2024
35450,Patrick Cantlay,T22,2024
34099,Harris English,T22,2024
24502,Adam Scott,T22,2024
37378,Min Woo Lee,T22,2024
45486,Joaquin Niemann,T22,2024
40098,Matt Fitzpatrick,T22,2024
28237,Rory McIlroy,T22,2024
37455,Si Woo Kim,T30,2024
55182,Tom Kim,T30,2024
28089,Jason Day,T30,2024
32102,Rickie Fowler,T30,2024
49771,J.T. Poston,T30,2024
56630,Akshay Bhatia,T35,2024
48117,Kurt Kitayama,T35,2024
27770,Camilo Villegas,T35,2024
39997,Corey Conners,T38,2024
32839,Hideki Matsuyama,T38,2024
29936,Ryan Fox,T38,2024
34098,Russell Henley,T38,2024
27129,Luke List,T38,2024
01810,Phil Mickelson,T43,2024
33204,Shane Lowry,T43,2024
06373,José María Olazábal,T45,2024
46970,Jon Rahm,T45,2024
32139,Danny Willett,T45,2024
36689,Brooks Koepka,T45,2024
47993,Denny McCarthy,T45,2024
51634,Sahith Theegala,T45,2024
34213,Grayson Murray,51,2024
47591,Eric Cole,52,2024
33399,Adam Hadwin,T53,2024
63807,Neal Shipley,T53,2024
40006,Erik van Rooyen,T55,2024
47420,Jake Knapp,T55,2024
29725,Tony Finau,T55,2024
33968,Thorbjørn Olesen,T58,2024
06567,Vijay Singh,T58,2024
08793,Tiger Woods,60,2024
24024,Zach Johnson,CUT,2024
33448,Justin Thomas,CUT,2024
51766,Wyndham Clark,CUT,2024
57362,Austin Eckroat,CUT,2024
59866,Nick Dunlap,CUT,2024
54628,Lee Hodges,CUT,2024
10423,Mike Weir,CUT,2024
22405,Justin Rose,CUT,2024
39971,Sungjae Im,CUT,2024
21209,Sergio Garcia,CUT,2024
54422,Christo Lamprecht,CUT,2024
46717,Viktor Hovland,CUT,2024
51586,Stewart Hagestad,CUT,2024
47504,Sam Burns,CUT,2024
34046,Jordan Spieth,CUT,2024
27644,Brian Harman,CUT,2024
25804,Bubba Watson,CUT,2024
34466,Peter Malnati,CUT,2024
36799,Stephan Jaeger,CUT,2024
61520,Santiago De la Fuente,CUT,2024
26331,Charl Schwartzel,CUT,2024
51287,Ryo Hisatsune,CUT,2024
01226,Fred Couples,CUT,2024
56513,Jasper Stubbs,CUT,2024
30925,Dustin Johnson,CUT,2024
31323,Gary Woodland,CUT,2024
25493,Nick Taylor,CUT,2024
33674,Adrian Meronk,CUT,2024
31646,Emiliano Grillo,CUT,2024
