player_name,1st_place_finishes,year
Vijay Singh,4,2005
Tiger Woods,6,2005
David Toms,1,2005
Jim Furyk,1,2005
Davis Love III,0,2005
Phil Mickelson,4,2005
Sergio Garcia,1,2005
Retief Goosen,1,2005
Lucas Glover,1,2005
Tim Herron,0,2005
Kenny Perry,2,2005
Tim Clark,0,2005
Ben Crane,1,2005
Chris DiMarco,0,2005
Charles Howell III,0,2005
Brandt Jobe,0,2005
Billy Mayfair,0,2005
José María Olazábal,0,2005
Rod Pampling,0,2005
Adam Scott,0,2005
Bo Van Pelt,0,2005
Aaron Baddeley,0,2005
Jeff Brehaut,0,2005
Mark Calcavecchia,1,2005
Chad Campbell,0,2005
Stewart Cink,0,2005
Darren Clarke,0,2005
Luke Donald,0,2005
Ernie Els,0,2005
Zach Johnson,0,2005
Shigeki Maruyama,0,2005
Joe Ogilvie,0,2005
Geoff Ogilvy,1,2005
Tag Ridings,0,2005
Scott Verplank,0,2005
Stuart Appleby,1,2005
Arjun Atwal,0,2005
Woody Austin,0,2005
Bart Bryant,2,2005
Fred Couples,0,2005
Brad Faxon,1,2005
Harrison Frazar,0,2005
Padraig Harrington,2,2005
J.J. Henry,0,2005
Richard Johnson,0,2005
Jerry Kelly,0,2005
Tom Lehman,0,2005
Justin Leonard,2,2005
J.L. Lewis,0,2005
Colin Montgomerie,0,2005
Sean O'Hair,1,2005
Arron Oberholser,0,2005
Pat Perez,0,2005
Heath Slocum,1,2005
Vaughn Taylor,1,2005
Bob Tway,0,2005
Charles Warren,0,2005
Dean Wilson,0,2005
Robert Allenby,0,2005
Stephen Ames,0,2005
Jason Bohn,1,2005
Michael Campbell,1,2005
K.J. Choi,1,2005
Joe Durant,0,2005
Steve Elkington,0,2005
Fred Funk,1,2005
Dudley Hart,0,2005
Mark Hensby,0,2005
Freddie Jacobson,0,2005
Jonathan Kaye,0,2005
Bernhard Langer,0,2005
Peter Lonard,1,2005
Steve Lowery,0,2005
Scott McCarron,0,2005
Graeme McDowell,0,2005
Nick O'Hern,0,2005
Greg Owen,0,2005
Ryan Palmer,0,2005
Tim Petrovic,1,2005
Carl Pettersson,1,2005
Ted Purdy,1,2005
Justin Rose,0,2005
Rory Sabbatini,0,2005
John Senden,0,2005
Joey Sindelar,0,2005
Jeff Sluman,0,2005
Joey Snyder III,0,2005
Kevin Sutherland,0,2005
D.J. Trahan,0,2005
Mark Wilson,0,2005
Michael Allen,0,2005
Briny Baird,0,2005
Doug Barron,0,2005
Rich Beem,0,2005
Olin Browne,1,2005
Daniel Chopra,0,2005
Ben Curtis,0,2005
John Daly,0,2005
Brian Davis,0,2005
Jay Delsing,0,2005
Todd Fischer,0,2005
Steve Flesch,0,2005
Carlos Franco,0,2005
Robert Gamez,1,2005
J.P. Hayes,0,2005
David Howell,0,2005
John Huston,0,2005
Trevor Immelman,0,2005
Kent Jones,0,2005
Hank Kuehne,0,2005
Andrew Magee,0,2005
Jeff Maggert,0,2005
Hunter Mahan,0,2005
Shaun Micheel,0,2005
Kevin Na,0,2005
Jesper Parnevik,0,2005
Craig Parry,0,2005
Corey Pavin,0,2005
Tom Pernice Jr.,0,2005
Ian Poulter,0,2005
Nick Price,0,2005
Brett Quigley,0,2005
Loren Roberts,0,2005
"Wes Short, Jr.",1,2005
Kevin Stadler,0,2005
Darron Stiles,0,2005
Hidemichi Tanaka,0,2005
Nick Watney,0,2005
Mike Weir,0,2005
Brett Wetterich,0,2005
Steve Allan,0,2005
Chris Anderson,0,2005
Billy Andrade,0,2005
Tommy Armour III,0,2005
Craig Barlow,0,2005
Cameron Beckman,0,2005
Thomas Bjørn,0,2005
Danny Briggs,0,2005
Jaxon Brigman,0,2005
Mark Brooks,0,2005
Jonathan Byrd,0,2005
Ángel Cabrera,0,2005
Gavin Coles,0,2005
John Cook,0,2005
Robert Damron,0,2005
Marco Dawson,0,2005
Glen Day,0,2005
James Driscoll,0,2005
Scott Dunlap,0,2005
Bob Estes,0,2005
Brian Gay,0,2005
Brent Geiberger,0,2005
Matt Gogel,0,2005
Jason Gore,1,2005
Paul Goydos,0,2005
Richard Green,0,2005
Mathias Grönberg,0,2005
Hunter Haas,0,2005
Jay Haas,0,2005
Bob Heintz,0,2005
Scott Hend,0,2005
Ryuji Imada,0,2005
Lee Janzen,0,2005
Brendan Jones,0,2005
Matt Kuchar,0,2005
Neal Lancaster,0,2005
Thomas Levet,0,2005
Frank Lickliter II,0,2005
Will MacKenzie,0,2005
Paul McGinley,0,2005
Spike McRoy,0,2005
Rocco Mediate,0,2005
Ryan Moore,0,2005
Dennis Paulson,0,2005
Michael Putnam,0,2005
John Rollins,0,2005
Patrick Sheehan,0,2005
Chris Smith,0,2005
Craig Stadler,0,2005
Henrik Stenson,0,2005
Steve Stricker,0,2005
Roland Thatcher,0,2005
Kirk Triplett,0,2005
Omar Uresti,0,2005
Tjaart van der Walt,0,2005
Charlie Wi,0,2005
Jay Williamson,0,2005
Jim Furyk,2,2006
Vijay Singh,1,2006
Tiger Woods,8,2006
Luke Donald,1,2006
Brett Quigley,0,2006
Adam Scott,1,2006
Lucas Glover,0,2006
Ernie Els,0,2006
Trevor Immelman,1,2006
Phil Mickelson,2,2006
Stewart Cink,0,2006
Joe Durant,1,2006
Tom Pernice Jr.,0,2006
Steve Stricker,0,2006
Stuart Appleby,2,2006
Daniel Chopra,0,2006
Retief Goosen,0,2006
Nathan Green,0,2006
Frank Lickliter II,0,2006
Rod Pampling,1,2006
Carl Pettersson,1,2006
Vaughn Taylor,0,2006
David Toms,1,2006
Nick Watney,0,2006
Mike Weir,0,2006
Brett Wetterich,1,2006
Dean Wilson,1,2006
Jonathan Byrd,0,2006
Chad Campbell,1,2006
Sergio Garcia,0,2006
J.J. Henry,1,2006
Charley Hoffman,0,2006
Jerry Kelly,0,2006
Troy Matteson,1,2006
Geoff Ogilvy,2,2006
Justin Rose,0,2006
Rory Sabbatini,1,2006
Woody Austin,0,2006
K.J. Choi,1,2006
Tim Clark,0,2006
Steve Flesch,0,2006
Jason Gore,0,2006
Zach Johnson,0,2006
Tom Lehman,0,2006
Davis Love III,1,2006
Daisuke Maruyama,0,2006
Shigeki Maruyama,0,2006
Billy Mayfair,0,2006
Ryan Moore,0,2006
Arron Oberholser,1,2006
José María Olazábal,0,2006
Ryan Palmer,0,2006
Jesper Parnevik,0,2006
Ian Poulter,0,2006
John Rollins,1,2006
Joey Sindelar,0,2006
Jeff Sluman,0,2006
Bo Van Pelt,0,2006
Scott Verplank,0,2006
Camilo Villegas,0,2006
Robert Allenby,0,2006
Stephen Ames,1,2006
Billy Andrade,0,2006
Briny Baird,0,2006
Jason Bohn,0,2006
Ángel Cabrera,0,2006
José Coceres,0,2006
Ben Crane,0,2006
Bubba Dickerson,0,2006
Fred Funk,0,2006
Mathew Goggin,0,2006
Padraig Harrington,0,2006
Dudley Hart,0,2006
Charles Howell III,0,2006
Richard Johnson,0,2006
Peter Lonard,0,2006
Steve Lowery,0,2006
Joe Ogilvie,0,2006
Ted Purdy,0,2006
John Senden,1,2006
Heath Slocum,0,2006
Bubba Watson,0,2006
Eric Axley,1,2006
Aaron Baddeley,1,2006
Craig Barlow,0,2006
Doug Barron,0,2006
David Branshaw,0,2006
Jeff Brehaut,0,2006
Olin Browne,0,2006
Bart Bryant,0,2006
Alex Cejka,0,2006
John Cook,0,2006
Fred Couples,0,2006
Ben Curtis,2,2006
Brian Davis,0,2006
Chris DiMarco,0,2006
Bob Estes,0,2006
Harrison Frazar,0,2006
Brian Gay,0,2006
Jeff Gove,0,2006
Paul Goydos,0,2006
Scott Gutschewski,0,2006
J.P. Hayes,0,2006
Tim Herron,1,2006
Gabriel Hjertstedt,0,2006
J.B. Holmes,1,2006
Freddie Jacobson,0,2006
Lee Janzen,0,2006
Brandt Jobe,0,2006
Kent Jones,0,2006
Stephen Leaney,0,2006
Justin Leonard,0,2006
Jeff Maggert,1,2006
Hunter Mahan,0,2006
David McKenzie,0,2006
Shaun Micheel,0,2006
Sean O'Hair,0,2006
Nick O'Hern,0,2006
Jeff Overton,0,2006
Greg Owen,0,2006
D.J. Trahan,1,2006
Omar Uresti,0,2006
Charles Warren,0,2006
Lee Westwood,0,2006
Arjun Atwal,0,2006
Paul Azinger,0,2006
Brian Bateman,0,2006
Cameron Beckman,0,2006
Rich Beem,0,2006
Notah Begay III,0,2006
Shane Bertsch,0,2006
Henrik Bjornstad,0,2006
Mark Calcavecchia,0,2006
Michael Campbell,0,2006
Paul Casey,0,2006
Darren Clarke,0,2006
Chris Couch,1,2006
Kris Cox,0,2006
Robert Damron,0,2006
Marco Dawson,0,2006
Glen Day,0,2006
Jay Delsing,0,2006
Danny Ellis,0,2006
Kenneth Ferrie,0,2006
Carlos Franco,0,2006
Robert Garrigus,0,2006
Brent Geiberger,0,2006
Matt Gogel,0,2006
Mathias Grönberg,0,2006
Bill Haas,0,2006
Todd Hamilton,0,2006
David Howell,0,2006
John Huston,0,2006
Ryuji Imada,0,2006
Thongchai Jaidee,0,2006
Shingo Katayama,0,2006
Jonathan Kaye,0,2006
Skip Kendall,0,2006
Anthony Kim,0,2006
Bernhard Langer,0,2006
Ian Leggatt,0,2006
J.L. Lewis,0,2006
Will MacKenzie,1,2006
Bob May,0,2006
Larry Mize,0,2006
Colin Montgomerie,0,2006
Corey Pavin,1,2006
Pat Perez,0,2006
D.A. Points,0,2006
Dicky Pride,0,2006
Tag Ridings,0,2006
John Riegger,0,2006
Chris Riley,0,2006
Andres Romero,0,2006
Patrick Sheehan,0,2006
Jerry Smith,0,2006
B.J. Staten,0,2006
Henrik Stenson,0,2006
Hideto Tanihara,0,2006
Nicholas Thompson,0,2006
Kirk Triplett,1,2006
Tjaart van der Walt,0,2006
Duffy Waldorf,0,2006
Ron Whittaker,0,2006
Mark Wilson,0,2006
Tiger Woods,7,2007
Rory Sabbatini,1,2007
Scott Verplank,1,2007
Steve Stricker,1,2007
Robert Allenby,0,2007
Jim Furyk,1,2007
Aaron Baddeley,1,2007
K.J. Choi,2,2007
Sergio Garcia,0,2007
Jerry Kelly,0,2007
Phil Mickelson,3,2007
Geoff Ogilvy,0,2007
Justin Rose,0,2007
Vijay Singh,2,2007
David Toms,0,2007
Mark Calcavecchia,1,2007
Stewart Cink,0,2007
Tim Clark,0,2007
Hunter Mahan,1,2007
Billy Mayfair,0,2007
Pat Perez,0,2007
Carl Pettersson,0,2007
Adam Scott,1,2007
Heath Slocum,0,2007
Brandt Snedeker,1,2007
Camilo Villegas,0,2007
Luke Donald,0,2007
Ken Duke,0,2007
Ernie Els,0,2007
Charles Howell III,1,2007
Freddie Jacobson,0,2007
Zach Johnson,2,2007
Justin Leonard,1,2007
Sean O'Hair,0,2007
Arron Oberholser,0,2007
Ian Poulter,0,2007
Jeff Quinney,0,2007
John Senden,0,2007
Bubba Watson,0,2007
Boo Weekley,1,2007
Stephen Ames,1,2007
Jonathan Byrd,1,2007
Paul Casey,0,2007
Alex Cejka,0,2007
Robert Garrigus,0,2007
Trevor Immelman,0,2007
Anthony Kim,0,2007
Bernhard Langer,0,2007
John Mallinger,0,2007
Steve Marino,0,2007
John Rollins,0,2007
Bo Van Pelt,0,2007
Mike Weir,1,2007
Brett Wetterich,0,2007
Dean Wilson,0,2007
Stuart Appleby,0,2007
Ryan Armour,0,2007
Woody Austin,1,2007
Cameron Beckman,0,2007
Daniel Chopra,1,2007
José Coceres,0,2007
Brian Davis,0,2007
Bob Estes,0,2007
Niclas Fasth,0,2007
Steve Flesch,2,2007
Robert Gamez,0,2007
Lucas Glover,0,2007
Jason Gore,0,2007
Bill Haas,0,2007
Padraig Harrington,1,2007
J.P. Hayes,0,2007
J.B. Holmes,0,2007
Tom Lehman,0,2007
Peter Lonard,0,2007
Davis Love III,0,2007
Will MacKenzie,0,2007
Troy Matteson,0,2007
Rocco Mediate,0,2007
Shaun Micheel,0,2007
Ryan Moore,0,2007
Kevin Na,0,2007
Nick O'Hern,0,2007
Jeff Overton,0,2007
Kenny Perry,0,2007
Kevin Sutherland,0,2007
Vaughn Taylor,0,2007
D.J. Trahan,0,2007
Charles Warren,0,2007
Nick Watney,1,2007
Charlie Wi,0,2007
Mark Wilson,1,2007
Michael Allen,0,2007
Tommy Armour III,0,2007
Rich Beem,0,2007
Bart Bryant,0,2007
Chad Campbell,1,2007
Gavin Coles,0,2007
Ben Curtis,0,2007
Brendon de Jonge,0,2007
Steve Elkington,0,2007
Harrison Frazar,0,2007
Fred Funk,1,2007
Brian Gay,0,2007
Nathan Green,0,2007
Mathias Grönberg,0,2007
Bob Heintz,0,2007
J.J. Henry,0,2007
Charley Hoffman,1,2007
Ryuji Imada,0,2007
Kent Jones,0,2007
Matt Kuchar,0,2007
Stephen Leaney,0,2007
Shigeki Maruyama,0,2007
George McNeill,1,2007
Joe Ogilvie,1,2007
Rod Pampling,0,2007
Tom Pernice Jr.,0,2007
Andres Romero,0,2007
Kevin Stadler,0,2007
Henrik Stenson,1,2007
Chris Stroud,0,2007
Johnson Wagner,0,2007
Steve Allan,0,2007
Briny Baird,0,2007
Rich Barcelo,0,2007
Brian Bateman,1,2007
Craig Bowden,0,2007
David Branshaw,0,2007
Olin Browne,0,2007
Andrew Buckle,0,2007
Ángel Cabrera,1,2007
Marco Dawson,0,2007
Chris DiMarco,0,2007
Nick Dougherty,0,2007
Jason Dufner,0,2007
Simon Dyson,0,2007
Todd Fischer,0,2007
Dan Forsman,0,2007
Mathew Goggin,0,2007
Retief Goosen,0,2007
Jeff Gove,0,2007
Paul Gow,0,2007
Paul Goydos,1,2007
Richard Green,0,2007
Dudley Hart,0,2007
Mark Hensby,0,2007
Tim Herron,0,2007
Tripp Isenhour,0,2007
Craig Kanada,0,2007
Robert Karlsson,0,2007
Skip Kendall,0,2007
Greg Kraft,0,2007
Cliff Kresge,0,2007
Doug LaBelle II,0,2007
Neal Lancaster,0,2007
Steve Lowery,0,2007
Jeff Maggert,0,2007
Daisuke Maruyama,0,2007
Bob May,0,2007
Parker McLachlin,0,2007
John Merrick,0,2007
Larry Mize,0,2007
Bryce Molder,0,2007
José María Olazábal,0,2007
Greg Owen,0,2007
Ryan Palmer,0,2007
Jesper Parnevik,0,2007
Corey Pavin,0,2007
Tim Petrovic,0,2007
Dicky Pride,0,2007
Ted Purdy,0,2007
Brett Quigley,0,2007
Tag Ridings,0,2007
Michael Sim,0,2007
Jeff Sluman,0,2007
B.J. Staten,0,2007
Chris Tidland,0,2007
Vance Veazey,0,2007
Jay Williamson,0,2007
Garrett Willis,0,2007
Robert Allenby,0,2008
Jim Furyk,0,2008
Anthony Kim,0,2008
Justin Leonard,0,2008
Phil Mickelson,0,2008
Vijay Singh,0,2008
Mike Weir,0,2008
Stephen Ames,0,2008
Stuart Appleby,0,2008
Chad Campbell,0,2008
Stewart Cink,0,2008
Kenny Perry,0,2008
Camilo Villegas,0,2008
Woody Austin,0,2008
Sergio Garcia,0,2008
Brian Gay,0,2008
Padraig Harrington,0,2008
Dudley Hart,0,2008
Steve Marino,0,2008
Geoff Ogilvy,0,2008
Pat Perez,0,2008
Tom Pernice Jr.,0,2008
Steve Stricker,0,2008
Kevin Sutherland,0,2008
Nicholas Thompson,0,2008
Tiger Woods,0,2008
Tommy Armour III,0,2008
K.J. Choi,0,2008
Ben Curtis,0,2008
Ken Duke,0,2008
Ernie Els,0,2008
Mathew Goggin,0,2008
Ryuji Imada,0,2008
Matt Kuchar,0,2008
Michael Letzig,0,2008
Hunter Mahan,0,2008
Troy Matteson,0,2008
Rod Pampling,0,2008
Carl Pettersson,0,2008
Heath Slocum,0,2008
Brandt Snedeker,0,2008
Boo Weekley,0,2008
Mark Wilson,0,2008
Steve Allan,0,2008
Paul Casey,0,2008
Alex Cejka,0,2008
Ben Crane,0,2008
Charles Howell III,0,2008
Jerry Kelly,0,2008
Cliff Kresge,0,2008
John Mallinger,0,2008
Billy Mayfair,0,2008
John Merrick,0,2008
Nick O'Hern,0,2008
Joe Ogilvie,0,2008
Henrik Stenson,0,2008
Kevin Streelman,0,2008
D.J. Trahan,0,2008
Charlie Wi,0,2008
Brad Adamonis,0,2008
Michael Allen,0,2008
Eric Axley,0,2008
Aaron Baddeley,0,2008
Briny Baird,0,2008
Tim Clark,0,2008
Fred Couples,0,2008
Luke Donald,0,2008
Steve Elkington,0,2008
Jason Gore,0,2008
Paul Goydos,0,2008
Tim Herron,0,2008
Charley Hoffman,0,2008
J.B. Holmes,0,2008
Trevor Immelman,0,2008
Freddie Jacobson,0,2008
Miguel Angel Jiménez,0,2008
Dustin Johnson,0,2008
Zach Johnson,0,2008
Robert Karlsson,0,2008
Greg Kraft,0,2008
Martin Laird,0,2008
Peter Lonard,0,2008
Davis Love III,0,2008
Parker McLachlin,0,2008
George McNeill,0,2008
Ryan Moore,0,2008
Kevin Na,0,2008
Sean O'Hair,0,2008
Jeff Overton,0,2008
Ryan Palmer,0,2008
Tim Petrovic,0,2008
Jeff Quinney,0,2008
Andres Romero,0,2008
Rory Sabbatini,0,2008
Adam Scott,0,2008
John Senden,0,2008
Scott Verplank,0,2008
Bubba Watson,0,2008
Tim Wilkinson,0,2008
Dean Wilson,0,2008
Cameron Beckman,0,2008
Jason Bohn,0,2008
Bart Bryant,0,2008
Jonathan Byrd,0,2008
Mark Calcavecchia,0,2008
Brian Davis,0,2008
Marco Dawson,0,2008
Jason Day,0,2008
Joe Durant,0,2008
Bob Estes,0,2008
Steve Flesch,0,2008
Robert Garrigus,0,2008
Lucas Glover,0,2008
Retief Goosen,0,2008
Bill Haas,0,2008
J.J. Henry,0,2008
Matt Jones,0,2008
Tom Lehman,0,2008
Steve Lowery,0,2008
Will MacKenzie,0,2008
Scott McCarron,0,2008
Rocco Mediate,0,2008
Corey Pavin,0,2008
Brett Quigley,0,2008
Chez Reavie,0,2008
Tag Ridings,0,2008
John Rollins,0,2008
Justin Rose,0,2008
Patrick Sheehan,0,2008
Scott Sterling,0,2008
Chris Stroud,0,2008
Vaughn Taylor,0,2008
Roland Thatcher,0,2008
Marc Turnesa,0,2008
Charles Warren,0,2008
Lee Westwood,0,2008
Rich Beem,0,2008
Shane Bertsch,0,2008
Justin Bolli,0,2008
Ángel Cabrera,0,2008
Daniel Chopra,0,2008
Darren Clarke,0,2008
Gavin Coles,0,2008
Glen Day,0,2008
Chris DiMarco,0,2008
James Driscoll,0,2008
Brad Elder,0,2008
Niclas Fasth,0,2008
Nick Flanagan,0,2008
Alastair Forsyth,0,2008
Harrison Frazar,0,2008
Fred Funk,0,2008
Tommy Gainey,0,2008
Brent Geiberger,0,2008
Jeff Gove,0,2008
Nathan Green,0,2008
J.P. Hayes,0,2008
Mark Hensby,0,2008
David Howell,0,2008
John Huston,0,2008
Lee Janzen,0,2008
Richard Johnson,0,2008
Doug LaBelle II,0,2008
Larry Mize,0,2008
Colin Montgomerie,0,2008
Greg Norman,0,2008
Arron Oberholser,0,2008
Brenden Pappas,0,2008
Ian Poulter,0,2008
Dicky Pride,0,2008
Ted Purdy,0,2008
Chris Riley,0,2008
Brett Rumford,0,2008
Tom Scherrer,0,2008
Michael Sim,0,2008
Jeev Milkha Singh,0,2008
Bob Sowards,0,2008
Kevin Stadler,0,2008
Graeme Storm,0,2008
David Toms,0,2008
Bob Tway,0,2008
Bo Van Pelt,0,2008
Johnson Wagner,0,2008
Nick Watney,0,2008
Jay Williamson,0,2008
Casey Wittenberg,0,2008
Chris Wood,0,2008
Y.E. Yang,0,2008
Tiger Woods,6,2009
Jim Furyk,0,2009
Steve Stricker,3,2009
Zach Johnson,2,2009
Kevin Na,0,2009
Sean O'Hair,1,2009
Kenny Perry,2,2009
Ernie Els,0,2009
Phil Mickelson,3,2009
John Senden,0,2009
David Toms,0,2009
Luke Donald,0,2009
Jason Dufner,0,2009
Lucas Glover,1,2009
Padraig Harrington,0,2009
Jerry Kelly,1,2009
Justin Leonard,0,2009
Hunter Mahan,0,2009
Ryan Moore,1,2009
Tim Petrovic,0,2009
Scott Verplank,0,2009
Mike Weir,0,2009
Stephen Ames,1,2009
Tim Clark,0,2009
Retief Goosen,1,2009
Dustin Johnson,1,2009
Matt Kuchar,1,2009
Steve Marino,0,2009
Geoff Ogilvy,2,2009
Ian Poulter,0,2009
Brandt Snedeker,0,2009
Bo Van Pelt,1,2009
Stewart Cink,1,2009
Fred Couples,0,2009
Ben Crane,0,2009
Brian Davis,0,2009
Brian Gay,2,2009
Paul Goydos,0,2009
Bill Haas,0,2009
Charley Hoffman,0,2009
John Mallinger,0,2009
John Merrick,0,2009
D.A. Points,0,2009
John Rollins,1,2009
Rory Sabbatini,1,2009
Webb Simpson,0,2009
Heath Slocum,1,2009
Henrik Stenson,1,2009
Camilo Villegas,0,2009
Nick Watney,1,2009
Y.E. Yang,2,2009
Robert Allenby,0,2009
Woody Austin,0,2009
Briny Baird,0,2009
Ángel Cabrera,1,2009
Mark Calcavecchia,0,2009
Chad Campbell,0,2009
Paul Casey,1,2009
Alex Cejka,0,2009
Sergio Garcia,0,2009
Mathew Goggin,0,2009
J.J. Henry,0,2009
Charles Howell III,0,2009
Freddie Jacobson,0,2009
Anthony Kim,0,2009
Jeff Klauk,0,2009
Marc Leishman,0,2009
Scott McCarron,0,2009
Rory McIlroy,0,2009
George McNeill,0,2009
Bryce Molder,0,2009
Jeff Overton,0,2009
Rod Pampling,0,2009
Brett Quigley,0,2009
Vijay Singh,0,2009
D.J. Trahan,0,2009
Lee Westwood,0,2009
Charlie Wi,0,2009
Mark Wilson,1,2009
Thomas Aiken,0,2009
Aaron Baddeley,0,2009
Cameron Beckman,0,2009
Matt Bettencourt,0,2009
Jason Bohn,0,2009
Jonathan Byrd,0,2009
Greg Chalmers,0,2009
Daniel Chopra,0,2009
Jason Day,0,2009
Brendon de Jonge,0,2009
Bob Estes,0,2009
Ross Fisher,0,2009
Steve Flesch,0,2009
Rickie Fowler,0,2009
Jason Gore,0,2009
Soren Hansen,0,2009
J.B. Holmes,0,2009
Lee Janzen,0,2009
Richard Johnson,0,2009
Matt Jones,0,2009
Søren Kjeldsen,0,2009
Martin Laird,1,2009
Michael Letzig,0,2009
Davis Love III,0,2009
Bill Lunde,0,2009
Will MacKenzie,0,2009
Jeff Maggert,0,2009
Graeme McDowell,0,2009
James Nitties,0,2009
Nick O'Hern,0,2009
Pat Perez,1,2009
Tom Pernice Jr.,0,2009
Scott Piercy,0,2009
Jeff Quinney,0,2009
Andres Romero,0,2009
Justin Rose,0,2009
Jeev Milkha Singh,0,2009
Kevin Streelman,0,2009
Chris Stroud,0,2009
Kevin Sutherland,0,2009
Vaughn Taylor,0,2009
Roland Thatcher,0,2009
Jimmy Walker,0,2009
Bubba Watson,0,2009
Oliver Wilson,0,2009
Brad Adamonis,0,2009
Michael Allen,0,2009
Stuart Appleby,0,2009
Tommy Armour III,0,2009
Ricky Barnes,0,2009
Chris Baryla,0,2009
Rich Beem,0,2009
Kris Blanks,0,2009
Michael Bradley,1,2009
Mark Brooks,0,2009
Bart Bryant,0,2009
Kevin Chappell,0,2009
K.J. Choi,0,2009
Ben Curtis,0,2009
James Driscoll,0,2009
Joe Durant,0,2009
David Duval,0,2009
Harrison Frazar,0,2009
Robert Garrigus,0,2009
Nathan Green,1,2009
Mathias Grönberg,0,2009
Todd Hamilton,0,2009
Peter Hanson,0,2009
J.P. Hayes,0,2009
Bob Heintz,0,2009
Miguel Angel Jiménez,0,2009
Kent Jones,0,2009
Shingo Katayama,0,2009
Jonathan Kaye,0,2009
Martin Kaymer,0,2009
Cliff Kresge,0,2009
Danny Lee,0,2009
Tom Lehman,0,2009
Spencer Levin,0,2009
Jamie Lovemark,0,2009
Jarrod Lyle,0,2009
Shigeki Maruyama,0,2009
Troy Matteson,1,2009
Billy Mayfair,0,2009
Rocco Mediate,0,2009
Francesco Molinari,0,2009
Joe Ogilvie,0,2009
José María Olazábal,0,2009
Leif Olson,0,2009
Greg Owen,0,2009
Ryan Palmer,0,2009
Carl Pettersson,0,2009
Aron Price,0,2009
Dicky Pride,0,2009
Ted Purdy,0,2009
Chez Reavie,0,2009
Tag Ridings,0,2009
Chris Riley,0,2009
Adam Scott,0,2009
Kevin Stadler,0,2009
Darron Stiles,0,2009
Nicholas Thompson,0,2009
Omar Uresti,0,2009
Brian Vranesh,0,2009
Johnson Wagner,0,2009
Aaron Watkins,0,2009
Tom Watson,0,2009
Boo Weekley,0,2009
Matt Weibring,0,2009
Tim Wilkinson,0,2009
Casey Wittenberg,0,2009
Chris Wood,0,2009
Matt Kuchar,1,2010
Retief Goosen,0,2010
Steve Stricker,2,2010
Bo Van Pelt,0,2010
Nick Watney,0,2010
Paul Casey,0,2010
Tim Clark,1,2010
Brendon de Jonge,0,2010
Luke Donald,0,2010
Ernie Els,2,2010
Rickie Fowler,0,2010
Jim Furyk,3,2010
Dustin Johnson,2,2010
D.J. Trahan,0,2010
Camilo Villegas,1,2010
Ricky Barnes,0,2010
Charles Howell III,0,2010
Phil Mickelson,1,2010
Bryce Molder,0,2010
Ryan Moore,0,2010
Jeff Overton,0,2010
Vaughn Taylor,0,2010
Lee Westwood,1,2010
Robert Allenby,0,2010
Ben Crane,1,2010
Jason Day,1,2010
Padraig Harrington,0,2010
Charley Hoffman,1,2010
Matt Jones,0,2010
Rory McIlroy,1,2010
Ryan Palmer,1,2010
Heath Slocum,1,2010
Brandt Snedeker,0,2010
Kevin Stadler,0,2010
Kevin Streelman,0,2010
Jonathan Byrd,1,2010
Alex Cejka,0,2010
K.J. Choi,0,2010
Bill Haas,2,2010
Ryuji Imada,0,2010
Martin Kaymer,1,2010
Anthony Kim,1,2010
Martin Laird,0,2010
Kevin Na,0,2010
Carl Pettersson,1,2010
Alex Prugh,0,2010
Justin Rose,2,2010
Adam Scott,1,2010
Chris Stroud,0,2010
Bubba Watson,1,2010
Charlie Wi,0,2010
Stuart Appleby,1,2010
Arjun Atwal,1,2010
Woody Austin,0,2010
Cameron Beckman,1,2010
Kris Blanks,0,2010
Stewart Cink,0,2010
Chad Collins,0,2010
Graham DeLaet,0,2010
Steve Elkington,0,2010
Robert Garrigus,1,2010
Tom Gillis,0,2010
Lucas Glover,0,2010
Paul Goydos,0,2010
J.P. Hayes,0,2010
J.B. Holmes,0,2010
Freddie Jacobson,0,2010
Zach Johnson,1,2010
Spencer Levin,0,2010
Davis Love III,0,2010
Bill Lunde,1,2010
Hunter Mahan,2,2010
Steve Marino,0,2010
Shaun Micheel,0,2010
Sean O'Hair,0,2010
Pat Perez,0,2010
D.A. Points,0,2010
Aron Price,0,2010
Chris Riley,0,2010
Rory Sabbatini,0,2010
Charl Schwartzel,0,2010
Michael Sim,0,2010
Scott Verplank,0,2010
Charles Warren,0,2010
Boo Weekley,0,2010
Blake Adams,0,2010
Michael Allen,0,2010
Aaron Baddeley,0,2010
Jason Bohn,1,2010
Ángel Cabrera,0,2010
Chad Campbell,0,2010
Greg Chalmers,0,2010
Michael Connell,0,2010
Chris Couch,0,2010
Brian Davis,0,2010
Jason Dufner,0,2010
Joe Durant,0,2010
David Duval,0,2010
Bob Estes,0,2010
Brian Gay,0,2010
J.J. Henry,0,2010
Richard Johnson,0,2010
Marc Leishman,0,2010
Jarrod Lyle,0,2010
Jeff Maggert,0,2010
Troy Matteson,0,2010
Billy Mayfair,0,2010
Graeme McDowell,1,2010
Nick O'Hern,0,2010
Geoff Ogilvy,1,2010
Louis Oosthuizen,1,2010
Corey Pavin,0,2010
Tim Petrovic,0,2010
Scott Piercy,0,2010
Ian Poulter,1,2010
Jeff Quinney,0,2010
John Rollins,0,2010
Andres Romero,0,2010
John Senden,0,2010
Webb Simpson,0,2010
Vijay Singh,0,2010
Paul Stankowski,0,2010
Josh Teater,0,2010
Roland Thatcher,0,2010
Chris Tidland,0,2010
David Toms,0,2010
Johnson Wagner,0,2010
Jimmy Walker,0,2010
Mark Wilson,0,2010
Tiger Woods,0,2010
Y.E. Yang,0,2010
Stephen Ames,0,2010
Briny Baird,0,2010
Craig Barlow,0,2010
Matt Bettencourt,1,2010
Fred Couples,0,2010
Ben Curtis,0,2010
Chris DiMarco,0,2010
James Driscoll,0,2010
Ken Duke,0,2010
Matt Every,0,2010
Steve Flesch,0,2010
Martin Flores,0,2010
Robert Gamez,0,2010
Sergio Garcia,0,2010
Mathew Goggin,0,2010
Nathan Green,0,2010
Mathias Grönberg,0,2010
Peter Hanson,0,2010
Grégory Havret,0,2010
Bob Heintz,0,2010
Ryo Ishikawa,0,2010
Thongchai Jaidee,0,2010
Lee Janzen,0,2010
Kent Jones,0,2010
Robert Karlsson,0,2010
Jerry Kelly,0,2010
Skip Kendall,0,2010
Derek Lamely,1,2010
Justin Leonard,0,2010
Michael Letzig,0,2010
WC Liang,0,2010
Will MacKenzie,0,2010
John Mallinger,0,2010
Scott McCarron,0,2010
George McNeill,0,2010
Rocco Mediate,1,2010
John Merrick,0,2010
Troy Merritt,0,2010
Edoardo Molinari,0,2010
Francesco Molinari,0,2010
Garth Mulroy,0,2010
James Nitties,0,2010
Joe Ogilvie,0,2010
Cameron Percy,0,2010
Tom Pernice Jr.,0,2010
Kenny Perry,0,2010
Alistair Presnell,0,2010
Brett Quigley,0,2010
Alvaro Quiros,0,2010
Robert Rock,0,2010
Jeev Milkha Singh,0,2010
Henrik Stenson,0,2010
Brian Stuard,0,2010
Kevin Sutherland,0,2010
Roger Tambellini,0,2010
Nicholas Thompson,0,2010
Omar Uresti,0,2010
Mike Weir,0,2010
Brett Wetterich,0,2010
Steve Wheatcroft,0,2010
Jay Williamson,0,2010
Garrett Willis,0,2010
Dean Wilson,0,2010
Oliver Wilson,0,2010
Luke Donald,2,2011
Webb Simpson,2,2011
Jason Day,0,2011
Nick Watney,2,2011
Matt Kuchar,0,2011
Hunter Mahan,0,2011
K.J. Choi,1,2011
Tommy Gainey,0,2011
Bill Haas,1,2011
Charles Howell III,0,2011
Phil Mickelson,1,2011
Adam Scott,1,2011
Brandt Snedeker,1,2011
David Toms,1,2011
Jason Dufner,0,2011
Dustin Johnson,1,2011
Martin Laird,1,2011
Spencer Levin,0,2011
Bryce Molder,1,2011
Kevin Na,1,2011
Gary Woodland,1,2011
Aaron Baddeley,1,2011
Jonathan Byrd,1,2011
Carl Pettersson,0,2011
Chez Reavie,0,2011
Justin Rose,1,2011
Vijay Singh,0,2011
Steve Stricker,2,2011
Bo Van Pelt,0,2011
Y.E. Yang,0,2011
Blake Adams,0,2011
Keegan Bradley,2,2011
Ben Crane,1,2011
Rickie Fowler,0,2011
Jim Furyk,0,2011
Paul Goydos,0,2011
Hunter Haas,0,2011
J.B. Holmes,0,2011
Brandt Jobe,0,2011
Zach Johnson,0,2011
Jerry Kelly,0,2011
Chris Kirk,1,2011
Rory McIlroy,1,2011
George McNeill,0,2011
Ryan Moore,0,2011
Nick O'Hern,0,2011
Geoff Ogilvy,0,2011
Jeff Overton,0,2011
Pat Perez,0,2011
John Rollins,0,2011
Andres Romero,0,2011
Kyle Stanley,0,2011
Kevin Streelman,0,2011
Cameron Tringale,0,2011
Camilo Villegas,0,2011
Jimmy Walker,0,2011
Mark Wilson,2,2011
Robert Allenby,0,2011
Briny Baird,0,2011
Kris Blanks,0,2011
Ángel Cabrera,0,2011
Kevin Chappell,0,2011
Chris Couch,0,2011
Brendon de Jonge,0,2011
Sergio Garcia,0,2011
Robert Garrigus,0,2011
Bobby Gates,0,2011
Brian Gay,0,2011
Padraig Harrington,0,2011
David Hearn,0,2011
Tim Herron,0,2011
Freddie Jacobson,1,2011
Robert Karlsson,0,2011
Steve Marino,0,2011
Graeme McDowell,0,2011
Matt McQuillan,0,2011
Ryan Palmer,0,2011
Scott Piercy,1,2011
D.A. Points,1,2011
Rory Sabbatini,1,2011
Charl Schwartzel,1,2011
John Senden,0,2011
Brendan Steele,1,2011
Jhonattan Vegas,1,2011
Scott Verplank,0,2011
Bubba Watson,2,2011
Lee Westwood,0,2011
Stephen Ames,0,2011
Ricky Barnes,0,2011
Shane Bertsch,0,2011
Matt Bettencourt,0,2011
Bud Cauley,0,2011
Greg Chalmers,0,2011
Brian Davis,0,2011
James Driscoll,0,2011
Tom Gillis,0,2011
Adam Hadwin,0,2011
Anders Hansen,0,2011
Charley Hoffman,0,2011
Billy Horschel,0,2011
Ryuji Imada,0,2011
Trevor Immelman,0,2011
Sung Kang,0,2011
Anthony Kim,0,2011
K.T. Kim,0,2011
Marc Leishman,0,2011
Davis Love III,0,2011
Troy Matteson,0,2011
Billy Mayfair,0,2011
Louis Oosthuizen,0,2011
Rod Pampling,0,2011
Tom Pernice Jr.,0,2011
Jim Renner,0,2011
Scott Stallings,1,2011
Chris Stroud,0,2011
Josh Teater,0,2011
Roland Thatcher,0,2011
Michael Thompson,0,2011
Tiger Woods,0,2011
Stuart Appleby,0,2011
Arjun Atwal,0,2011
Woody Austin,0,2011
Thomas Bjørn,0,2011
Steven Bowditch,0,2011
Michael Bradley,1,2011
Chad Campbell,0,2011
Patrick Cantlay,0,2011
Paul Casey,0,2011
Stewart Cink,0,2011
Tim Clark,0,2011
Darren Clarke,1,2011
John Cook,0,2011
Fred Couples,0,2011
John Daly,0,2011
David Duval,0,2011
Simon Dyson,0,2011
Steve Elkington,0,2011
Ernie Els,0,2011
Bob Estes,0,2011
Steve Flesch,0,2011
Harrison Frazar,1,2011
Hiroyuki Fujita,0,2011
Lucas Glover,1,2011
Fabián Gómez,0,2011
Retief Goosen,0,2011
Peter Hanson,0,2011
J.J. Henry,0,2011
Ryo Ishikawa,0,2011
Raphael Jacquelin,0,2011
Miguel Angel Jiménez,0,2011
Matt Jones,0,2011
Martin Kaymer,0,2011
Justin Leonard,0,2011
Michael Letzig,0,2011
Peter Lonard,0,2011
Jarrod Lyle,0,2011
Matteo Manassero,0,2011
Ben Martin,0,2011
Shigeki Maruyama,0,2011
David Mathis,0,2011
Scott McCarron,0,2011
John Merrick,0,2011
Zack Miller,0,2011
Francesco Molinari,0,2011
Sean O'Hair,1,2011
Joe Ogilvie,0,2011
Cameron Percy,0,2011
Ian Poulter,0,2011
Alvaro Quiros,0,2011
Chris Riley,0,2011
Kevin Stadler,0,2011
Chris Tidland,0,2011
D.J. Trahan,0,2011
Marc Turnesa,0,2011
Johnson Wagner,1,2011
Charlie Wi,0,2011
Garrett Willis,0,2011
Rory McIlroy,4,2012
Bo Van Pelt,0,2012
Dustin Johnson,1,2012
Matt Kuchar,1,2012
Tiger Woods,3,2012
Luke Donald,1,2012
Jason Dufner,2,2012
Jim Furyk,0,2012
Robert Garrigus,0,2012
Ryan Moore,1,2012
Justin Rose,1,2012
Phil Mickelson,1,2012
Webb Simpson,1,2012
Brandt Snedeker,2,2012
Steve Stricker,1,2012
Bubba Watson,1,2012
Lee Westwood,0,2012
Bud Cauley,0,2012
Ken Duke,0,2012
Matt Every,0,2012
Zach Johnson,2,2012
Kevin Na,0,2012
Carl Pettersson,1,2012
Jimmy Walker,0,2012
Jonas Blixt,1,2012
Keegan Bradley,1,2012
Jonathan Byrd,0,2012
Ernie Els,1,2012
Rickie Fowler,1,2012
Hunter Mahan,2,2012
Louis Oosthuizen,0,2012
John Rollins,0,2012
Adam Scott,0,2012
John Senden,0,2012
Vijay Singh,0,2012
Kevin Stadler,0,2012
David Toms,0,2012
Nick Watney,1,2012
Ben Crane,0,2012
Brian Davis,0,2012
Jason Day,0,2012
Brendon de Jonge,0,2012
Peter Hanson,0,2012
John Huh,1,2012
Chris Kirk,0,2012
Graeme McDowell,0,2012
Jeff Overton,0,2012
Ryan Palmer,0,2012
Scott Piercy,1,2012
Ian Poulter,1,2012
Daniel Summerhays,0,2012
Josh Teater,0,2012
Cameron Tringale,0,2012
Johnson Wagner,1,2012
Charlie Wi,0,2012
Blake Adams,0,2012
Aaron Baddeley,0,2012
Charlie Beljan,1,2012
Jason Bohn,0,2012
Scott Brown,0,2012
Chad Campbell,0,2012
Tim Clark,0,2012
Ben Curtis,1,2012
Graham DeLaet,0,2012
Harris English,0,2012
Sergio Garcia,1,2012
Brian Gay,0,2012
Tom Gillis,0,2012
Bill Haas,1,2012
Padraig Harrington,0,2012
J.J. Henry,1,2012
Martin Laird,0,2012
Spencer Levin,0,2012
Davis Love III,0,2012
John Mallinger,0,2012
Troy Matteson,0,2012
William McGirt,0,2012
S.Y. Noh,0,2012
Greg Owen,0,2012
D.A. Points,0,2012
Dicky Pride,0,2012
Scott Stallings,1,2012
Brendan Steele,0,2012
Kevin Streelman,0,2012
Michael Thompson,0,2012
Boo Weekley,0,2012
Mark Wilson,1,2012
Robert Allenby,0,2012
Sangmoon Bae,0,2012
K.J. Choi,0,2012
Will Claxton,0,2012
Nicolas Colsaerts,0,2012
James Driscoll,0,2012
Bob Estes,0,2012
Martin Flores,0,2012
Harrison Frazar,0,2012
Tommy Gainey,1,2012
Retief Goosen,0,2012
David Hearn,0,2012
Tim Herron,0,2012
Charley Hoffman,0,2012
J.B. Holmes,0,2012
Charles Howell III,0,2012
Billy Hurley III,0,2012
Ryo Ishikawa,0,2012
Miguel Angel Jiménez,0,2012
Colt Knost,0,2012
Russell Knox,0,2012
Jason Kokrak,0,2012
Marc Leishman,1,2012
Justin Leonard,0,2012
David Mathis,0,2012
John Merrick,0,2012
Bryce Molder,0,2012
Sean O'Hair,0,2012
Alexandre Rocha,0,2012
Andres Romero,0,2012
Rory Sabbatini,0,2012
Charl Schwartzel,0,2012
Kyle Stanley,1,2012
Chris Stroud,0,2012
D.J. Trahan,0,2012
Jhonattan Vegas,0,2012
Thomas Aiken,0,2012
Michael Allen,0,2012
Mark Anderson,0,2012
Arjun Atwal,0,2012
Ricky Barnes,0,2012
Matt Bettencourt,0,2012
Mark Calcavecchia,0,2012
Alejandro Cañizares,0,2012
Roberto Castro,0,2012
Greg Chalmers,0,2012
Kevin Chappell,0,2012
Gary Christian,0,2012
John Daly,0,2012
Chris DiMarco,0,2012
Jamie Donaldson,0,2012
Joe Durant,0,2012
Bobby Gates,0,2012
Nathan Green,0,2012
Luke Guthrie,0,2012
Hunter Haas,0,2012
Todd Hamilton,0,2012
Hunter Hamrick,0,2012
Brian Harman,0,2012
Billy Horschel,0,2012
Ryuji Imada,0,2012
Freddie Jacobson,0,2012
Lee Janzen,0,2012
Brandt Jobe,0,2012
Matt Jones,0,2012
Martin Kaymer,0,2012
Jerry Kelly,0,2012
Troy Kelly,0,2012
J.J. Killeen,0,2012
Kevin Kisner,0,2012
Paul Lawrie,0,2012
Richard Lee,0,2012
Bill Lunde,0,2012
Jarrod Lyle,0,2012
David Lynn,0,2012
Jeff Maggert,0,2012
Billy Mayfair,0,2012
George McNeill,1,2012
Alex Noren,0,2012
Nick O'Hern,0,2012
Geoff Ogilvy,0,2012
Thorbjørn Olesen,0,2012
Rod Pampling,0,2012
Pat Perez,0,2012
Tom Pernice Jr.,0,2012
John Peterson,0,2012
Tim Petrovic,0,2012
"Ted Potter, Jr.",1,2012
Lee Slattery,0,2012
Joey Snyder III,0,2012
Henrik Stenson,0,2012
Roland Thatcher,0,2012
Brendon Todd,0,2012
Casey Wittenberg,0,2012
Gary Woodland,0,2012
Bill Haas,1,2013
Brandt Snedeker,2,2013
Jordan Spieth,1,2013
Billy Horschel,1,2013
Zach Johnson,1,2013
Matt Kuchar,2,2013
Henrik Stenson,2,2013
Steve Stricker,0,2013
Tiger Woods,5,2013
Keegan Bradley,0,2013
Jason Day,0,2013
Graham DeLaet,0,2013
Jim Furyk,0,2013
Phil Mickelson,2,2013
Justin Rose,1,2013
Sergio Garcia,0,2013
Dustin Johnson,1,2013
Adam Scott,2,2013
Lee Westwood,0,2013
Luke Donald,0,2013
Jason Dufner,1,2013
Rickie Fowler,0,2013
Charley Hoffman,0,2013
Charles Howell III,0,2013
Matt Jones,0,2013
Hunter Mahan,0,2013
Rory McIlroy,0,2013
Patrick Reed,1,2013
Rory Sabbatini,0,2013
Charl Schwartzel,0,2013
Webb Simpson,0,2013
Kevin Streelman,1,2013
Jimmy Walker,0,2013
Roberto Castro,0,2013
Brian Davis,0,2013
Brendon de Jonge,0,2013
Harris English,1,2013
Matt Every,0,2013
Jason Kokrak,0,2013
Marc Leishman,0,2013
Graeme McDowell,1,2013
Ryan Palmer,0,2013
Pat Perez,0,2013
Scott Piercy,0,2013
Ian Poulter,0,2013
Scott Stallings,0,2013
Chris Stroud,0,2013
Brian Stuard,0,2013
Daniel Summerhays,0,2013
Nick Watney,0,2013
Boo Weekley,1,2013
Kevin Chappell,0,2013
Stewart Cink,0,2013
Tim Clark,0,2013
Nicolas Colsaerts,0,2013
Gonzalo Fernandez-Castaño,0,2013
Padraig Harrington,0,2013
Russell Henley,1,2013
Morgan Hoffmann,0,2013
Freddie Jacobson,0,2013
Martin Kaymer,0,2013
Chris Kirk,0,2013
D.H. Lee,0,2013
David Lingmerth,0,2013
Ryan Moore,0,2013
D.A. Points,1,2013
Kevin Stadler,0,2013
Kyle Stanley,0,2013
Josh Teater,0,2013
Michael Thompson,1,2013
Bubba Watson,0,2013
Mark Wilson,0,2013
Aaron Baddeley,0,2013
Sangmoon Bae,1,2013
Jonas Blixt,1,2013
Jason Bohn,0,2013
Justin Bolli,0,2013
Jonathan Byrd,0,2013
Ángel Cabrera,0,2013
Greg Chalmers,0,2013
K.J. Choi,0,2013
Ben Crane,0,2013
James Driscoll,0,2013
Ken Duke,1,2013
Bob Estes,0,2013
Martin Flores,0,2013
Robert Garrigus,0,2013
Lucas Glover,0,2013
Luke Guthrie,0,2013
James Hahn,0,2013
Brian Harman,0,2013
David Hearn,0,2013
J.J. Henry,0,2013
Jim Herman,0,2013
John Huh,0,2013
Jerry Kelly,0,2013
Martin Laird,1,2013
Richard Lee,0,2013
David Lynn,0,2013
Jeff Maggert,0,2013
Hideki Matsuyama,0,2013
William McGirt,0,2013
John Merrick,1,2013
Thorbjørn Olesen,0,2013
Jeff Overton,0,2013
"Ted Potter, Jr.",0,2013
Dicky Pride,0,2013
John Rollins,0,2013
Andres Romero,0,2013
Brendan Steele,0,2013
Shawn Stefani,0,2013
Nicholas Thompson,0,2013
Camilo Villegas,0,2013
Johnson Wagner,0,2013
Gary Woodland,1,2013
Robert Allenby,0,2013
Billy Andrade,0,2013
Stuart Appleby,0,2013
Woody Austin,1,2013
Cameron Beckman,0,2013
Charlie Beljan,0,2013
Steven Bowditch,0,2013
Scott Brown,1,2013
Chad Campbell,0,2013
Patrick Cantlay,0,2013
Erik Compton,0,2013
Glen Day,0,2013
Chris DiMarco,0,2013
Ernie Els,0,2013
Derek Ernst,1,2013
Ross Fisher,0,2013
Brad Fritsch,0,2013
Tommy Gainey,0,2013
Bobby Gates,0,2013
Brian Gay,1,2013
Fabián Gómez,0,2013
Andres Gonzales,0,2013
Retief Goosen,0,2013
Peter Hanson,0,2013
Justin Hicks,0,2013
Trevor Immelman,0,2013
Ryo Ishikawa,0,2013
Miguel Angel Jiménez,0,2013
Robert Karlsson,0,2013
Ben Kohles,0,2013
Scott Langley,0,2013
Justin Leonard,0,2013
Davis Love III,0,2013
Shane Lowry,0,2013
Bill Lunde,0,2013
David Mathis,0,2013
Billy Mayfair,0,2013
Francesco Molinari,0,2013
S.Y. Noh,0,2013
Nick O'Hern,0,2013
Geoff Ogilvy,0,2013
Louis Oosthuizen,0,2013
John Peterson,0,2013
Tim Petrovic,0,2013
Carl Pettersson,0,2013
Kyle Reifers,0,2013
Tag Ridings,0,2013
Marcel Siem,0,2013
Richard Sterne,0,2013
Vaughn Taylor,0,2013
David Toms,0,2013
D.J. Trahan,0,2013
Cameron Tringale,0,2013
Peter Uihlein,0,2013
Bo Van Pelt,0,2013
Aaron Watkins,0,2013
Charlie Wi,0,2013
Casey Wittenberg,0,2013
Chris Wood,0,2013
Rory McIlroy,3,2014
Jim Furyk,0,2014
Matt Kuchar,1,2014
Rickie Fowler,0,2014
Sergio Garcia,0,2014
Adam Scott,1,2014
Jimmy Walker,3,2014
Webb Simpson,1,2014
Graeme McDowell,0,2014
Ryan Palmer,0,2014
Justin Rose,1,2014
Jordan Spieth,0,2014
Bubba Watson,2,2014
Graham DeLaet,0,2014
Harris English,1,2014
Dustin Johnson,1,2014
Ryan Moore,1,2014
Brendon Todd,1,2014
Keegan Bradley,0,2014
Jason Day,1,2014
Matt Every,1,2014
Brian Harman,1,2014
Charles Howell III,0,2014
Marc Leishman,0,2014
Hunter Mahan,1,2014
Kevin Na,0,2014
Bill Haas,0,2014
Charley Hoffman,0,2014
Billy Horschel,2,2014
Zach Johnson,1,2014
Chris Kirk,2,2014
Will MacKenzie,0,2014
Charl Schwartzel,0,2014
John Senden,1,2014
Gary Woodland,0,2014
Scott Brown,0,2014
Jason Dufner,0,2014
Chesson Hadley,1,2014
Billy Hurley III,0,2014
Freddie Jacobson,0,2014
Martin Kaymer,2,2014
Jerry Kelly,0,2014
Hideki Matsuyama,1,2014
William McGirt,0,2014
George McNeill,0,2014
Carl Pettersson,0,2014
Patrick Reed,2,2014
Brendan Steele,0,2014
Chris Stroud,0,2014
Brian Stuard,0,2014
Stuart Appleby,0,2014
Jason Bohn,0,2014
Tim Clark,1,2014
Erik Compton,0,2014
Luke Donald,0,2014
Victor Dubuisson,0,2014
Ernie Els,0,2014
Brad Fritsch,0,2014
David Hearn,0,2014
Russell Henley,1,2014
Justin Hicks,0,2014
Ryo Ishikawa,0,2014
Kevin Kisner,0,2014
Russell Knox,0,2014
Ben Martin,0,2014
S.Y. Noh,1,2014
Jeff Overton,0,2014
Pat Perez,0,2014
Rory Sabbatini,0,2014
Brandt Snedeker,0,2014
Kevin Stadler,1,2014
Henrik Stenson,0,2014
Cameron Tringale,0,2014
Tim Wilkinson,0,2014
Jason Allred,0,2014
Aaron Baddeley,0,2014
Ricky Barnes,0,2014
K.J. Choi,0,2014
Ben Crane,1,2014
Brendon de Jonge,0,2014
Jamie Donaldson,0,2014
Robert Garrigus,0,2014
Retief Goosen,0,2014
Luke Guthrie,0,2014
James Hahn,0,2014
Morgan Hoffmann,0,2014
J.B. Holmes,1,2014
John Huh,0,2014
Robert Karlsson,0,2014
Brooks Koepka,0,2014
Jason Kokrak,0,2014
Richard Lee,0,2014
Justin Leonard,0,2014
David Lingmerth,0,2014
Bryce Molder,0,2014
Francesco Molinari,0,2014
Geoff Ogilvy,1,2014
Ian Poulter,0,2014
Shawn Stefani,0,2014
Robert Streb,0,2014
Kevin Streelman,1,2014
Steve Stricker,0,2014
Daniel Summerhays,0,2014
Andrew Svoboda,0,2014
David Toms,0,2014
Jhonattan Vegas,0,2014
Nick Watney,0,2014
Lee Westwood,0,2014
Will Wilcox,0,2014
Kiradech Aphibarnrat,0,2014
Briny Baird,0,2014
Charlie Beljan,0,2014
Thomas Bjørn,0,2014
Jonas Blixt,0,2014
Steven Bowditch,1,2014
Jonathan Byrd,0,2014
Ángel Cabrera,1,2014
Chad Campbell,0,2014
Roberto Castro,0,2014
Bud Cauley,0,2014
Greg Chalmers,0,2014
Kevin Chappell,0,2014
George Coetzee,0,2014
Chad Collins,0,2014
Ben Curtis,0,2014
Bob Estes,0,2014
Gonzalo Fernandez-Castaño,0,2014
Martin Flores,0,2014
Tommy Gainey,0,2014
Stephen Gallacher,0,2014
Brice Garnett,0,2014
Brian Gay,0,2014
Jason Gore,0,2014
Max Homa,0,2014
Mikko Ilonen,0,2014
Trevor Immelman,0,2014
Thongchai Jaidee,0,2014
Miguel Angel Jiménez,0,2014
Matt Jones,1,2014
Martin Laird,0,2014
Bernhard Langer,0,2014
Scott Langley,0,2014
Danny Lee,0,2014
Andrew Loupe,0,2014
Shane Lowry,0,2014
Jeff Maggert,0,2014
Matteo Manassero,0,2014
Troy Matteson,0,2014
Troy Merritt,0,2014
Phil Mickelson,0,2014
Edoardo Molinari,0,2014
Sean O'Hair,0,2014
Thorbjørn Olesen,0,2014
Louis Oosthuizen,0,2014
Rod Pampling,0,2014
Dicky Pride,0,2014
Michael Putnam,0,2014
Jim Renner,0,2014
Wes Roach,0,2014
Andres Romero,0,2014
Vijay Singh,0,2014
Heath Slocum,0,2014
Scott Stallings,1,2014
Kyle Stanley,0,2014
Richard Sterne,0,2014
Hudson Swafford,0,2014
Hideto Tanihara,0,2014
Justin Thomas,0,2014
Michael Thompson,0,2014
Nicholas Thompson,0,2014
Bo Van Pelt,0,2014
Camilo Villegas,1,2014
Johnson Wagner,0,2014
Boo Weekley,0,2014
Mike Weir,0,2014
Jordan Spieth,5,2015
Jason Day,5,2015
Dustin Johnson,1,2015
Zach Johnson,1,2015
Bubba Watson,2,2015
Hideki Matsuyama,0,2015
Robert Streb,1,2015
Paul Casey,0,2015
Brooks Koepka,1,2015
Danny Lee,1,2015
Justin Rose,1,2015
Brandt Snedeker,1,2015
Henrik Stenson,0,2015
Rickie Fowler,2,2015
Jim Furyk,1,2015
Charley Hoffman,1,2015
J.B. Holmes,1,2015
Matt Kuchar,0,2015
Rory McIlroy,2,2015
Kevin Na,0,2015
Justin Thomas,0,2015
Daniel Berger,0,2015
Jason Bohn,0,2015
Kevin Kisner,0,2015
Louis Oosthuizen,0,2015
Jimmy Walker,2,2015
Boo Weekley,0,2015
Sangmoon Bae,1,2015
Jon Curran,0,2015
Tony Finau,0,2015
Bill Haas,1,2015
Ben Martin,1,2015
Ryan Palmer,0,2015
Scott Piercy,1,2015
Webb Simpson,0,2015
Daniel Summerhays,0,2015
Blayne Barber,0,2015
Sergio Garcia,0,2015
Branden Grace,0,2015
David Hearn,0,2015
Russell Henley,0,2015
Matt Jones,0,2015
Jerry Kelly,0,2015
Colt Knost,0,2015
Marc Leishman,0,2015
David Lingmerth,1,2015
Hunter Mahan,0,2015
Ryan Moore,1,2015
Ian Poulter,0,2015
Patrick Reed,1,2015
Rory Sabbatini,0,2015
Brendan Steele,0,2015
Brendon Todd,0,2015
Will Wilcox,0,2015
Gary Woodland,0,2015
Keegan Bradley,0,2015
Scott Brown,0,2015
Brendon de Jonge,0,2015
Graham DeLaet,0,2015
Ken Duke,0,2015
Harris English,0,2015
Andres Gonzales,0,2015
Retief Goosen,0,2015
Chesson Hadley,0,2015
Adam Hadwin,0,2015
Brian Harman,0,2015
Charles Howell III,0,2015
Chris Kirk,1,2015
Russell Knox,0,2015
Martin Laird,0,2015
Shane Lowry,1,2015
Will MacKenzie,0,2015
Troy Merritt,1,2015
Phil Mickelson,0,2015
Sean O'Hair,0,2015
Carl Pettersson,0,2015
Scott Pinckney,0,2015
Charl Schwartzel,0,2015
Adam Scott,0,2015
John Senden,0,2015
Shawn Stefani,0,2015
Cameron Tringale,0,2015
Johnson Wagner,0,2015
Nick Watney,0,2015
Mark Wilson,0,2015
Zac Blair,0,2015
Steven Bowditch,1,2015
Chad Campbell,0,2015
Kevin Chappell,0,2015
Austin Cook,0,2015
Brian Davis,0,2015
Luke Donald,0,2015
Jamie Donaldson,0,2015
Jason Dufner,0,2015
Fabián Gómez,1,2015
Jason Gore,0,2015
Emiliano Grillo,0,2015
James Hahn,1,2015
Jim Herman,0,2015
Morgan Hoffmann,0,2015
Tom Hoge,0,2015
Billy Horschel,0,2015
Ryo Ishikawa,0,2015
Whee Kim,0,2015
Jason Kokrak,0,2015
Davis Love III,1,2015
Bryce Molder,0,2015
Francesco Molinari,0,2015
Greg Owen,0,2015
Pat Perez,0,2015
Alex Prugh,0,2015
Kyle Reifers,0,2015
Patrick Rodgers,0,2015
Andres Romero,0,2015
Cameron Smith,0,2015
Kevin Streelman,0,2015
Chris Stroud,0,2015
Vaughn Taylor,0,2015
David Toms,0,2015
Bo Van Pelt,0,2015
Steve Wheatcroft,0,2015
Danny Willett,0,2015
Robert Allenby,0,2015
Kiradech Aphibarnrat,0,2015
Aaron Baddeley,0,2015
Ricky Barnes,0,2015
Charlie Beljan,0,2015
Jonas Blixt,0,2015
Rafa Cabrera Bello,0,2015
Alex Cejka,1,2015
Stewart Cink,0,2015
Tim Clark,0,2015
George Coetzee,0,2015
Chad Collins,0,2015
Erik Compton,0,2015
John Daly,0,2015
Matt Every,1,2015
Derek Fathauer,0,2015
Tommy Fleetwood,0,2015
Steve Flesch,0,2015
Oscar Fraustro,0,2015
Fred Funk,0,2015
Brice Garnett,0,2015
Tom Gillis,0,2015
Luke Guthrie,0,2015
Padraig Harrington,1,2015
J.J. Henry,1,2015
Mark Hensby,0,2015
Max Homa,0,2015
Billy Hurley III,0,2015
Hiroshi Iwata,0,2015
Freddie Jacobson,0,2015
Martin Kaymer,0,2015
Anirban Lahiri,0,2015
Spencer Levin,0,2015
Andrew Loupe,0,2015
Graeme McDowell,0,2015
William McGirt,0,2015
George McNeill,0,2015
Prom Meesawat,0,2015
Jordan Niebrugge,0,2015
S.Y. Noh,0,2015
Geoff Ogilvy,0,2015
Thorbjørn Olesen,0,2015
Carlos Ortiz,0,2015
Garrett Osborn,0,2015
Jeff Overton,0,2015
Rod Pampling,0,2015
Sung Joon Park,0,2015
Cameron Percy,0,2015
Tim Petrovic,0,2015
Angelo Que,0,2015
Jon Rahm,0,2015
John Rollins,0,2015
Carlos Sainz Jr,0,2015
Sam Saunders,0,2015
Robby Shelton,0,2015
Vijay Singh,0,2015
Chris Smith,0,2015
Scott Stallings,0,2015
Brian Stuard,0,2015
Andrew Svoboda,0,2015
Hudson Swafford,0,2015
Nick Taylor,1,2015
Michael Thompson,0,2015
Nicholas Thompson,0,2015
Peter Uihlein,0,2015
Lee Westwood,0,2015
Tiger Woods,0,2015
Dustin Johnson,3,2016
Patrick Reed,1,2016
Jason Day,3,2016
Matt Kuchar,0,2016
Ryan Moore,1,2016
Adam Scott,2,2016
Kevin Chappell,0,2016
Rickie Fowler,0,2016
Hideki Matsuyama,1,2016
Rory McIlroy,2,2016
Kevin Na,0,2016
Jordan Spieth,2,2016
Paul Casey,0,2016
Brooks Koepka,0,2016
William McGirt,1,2016
Brandt Snedeker,1,2016
Justin Thomas,1,2016
Daniel Berger,1,2016
Jason Dufner,1,2016
Branden Grace,1,2016
Bill Haas,0,2016
J.B. Holmes,0,2016
Kevin Kisner,1,2016
Phil Mickelson,0,2016
Aaron Baddeley,1,2016
Billy Horschel,0,2016
Charles Howell III,0,2016
Zach Johnson,0,2016
Si Woo Kim,1,2016
Patton Kizzire,0,2016
Jamie Lovemark,0,2016
Graeme McDowell,1,2016
Bryce Molder,0,2016
Kyle Reifers,0,2016
Justin Rose,0,2016
Charl Schwartzel,1,2016
Jhonattan Vegas,1,2016
Jimmy Walker,1,2016
Ricky Barnes,0,2016
Scott Brown,0,2016
Roberto Castro,0,2016
Alex Cejka,0,2016
Sergio Garcia,1,2016
Fabián Gómez,1,2016
Russell Henley,0,2016
Smylie Kaufman,1,2016
Russell Knox,2,2016
Jason Kokrak,0,2016
Andrew Loupe,0,2016
Henrik Stenson,1,2016
Harold Varner III,0,2016
Bubba Watson,1,2016
Gary Woodland,0,2016
Jason Bohn,0,2016
Rafa Cabrera Bello,0,2016
Chad Campbell,0,2016
Bud Cauley,0,2016
Jon Curran,0,2016
Graham DeLaet,0,2016
Harris English,0,2016
Jim Furyk,0,2016
Robert Garrigus,0,2016
Emiliano Grillo,1,2016
James Hahn,1,2016
John Huh,0,2016
Freddie Jacobson,0,2016
Chris Kirk,0,2016
Colt Knost,0,2016
Martin Laird,0,2016
Peter Malnati,1,2016
Francesco Molinari,0,2016
Louis Oosthuizen,0,2016
Ryan Palmer,0,2016
Scott Piercy,0,2016
Jon Rahm,0,2016
Patrick Rodgers,0,2016
Brett Stegmaier,0,2016
Steve Stricker,0,2016
Johnson Wagner,0,2016
Danny Willett,1,2016
Byeong Hun An,0,2016
Zac Blair,0,2016
Jonas Blixt,0,2016
Keegan Bradley,0,2016
K.J. Choi,0,2016
Luke Donald,0,2016
Ken Duke,0,2016
Tony Finau,1,2016
Matt Fitzpatrick,0,2016
Brice Garnett,0,2016
Lucas Glover,0,2016
Adam Hadwin,0,2016
Brian Harman,0,2016
Tyrrell Hatton,0,2016
David Hearn,0,2016
Jim Herman,1,2016
Tom Hoge,0,2016
Billy Hurley III,1,2016
Sung Kang,0,2016
Jerry Kelly,0,2016
Whee Kim,0,2016
Søren Kjeldsen,0,2016
Danny Lee,0,2016
Marc Leishman,0,2016
Spencer Levin,0,2016
David Lingmerth,0,2016
Luke List,0,2016
Shane Lowry,0,2016
Steve Marino,0,2016
Ben Martin,0,2016
Sean O'Hair,0,2016
Martin Piller,0,2016
Chez Reavie,0,2016
Sam Saunders,0,2016
Webb Simpson,0,2016
Vijay Singh,0,2016
Brendan Steele,0,2016
Kevin Streelman,0,2016
Daniel Summerhays,0,2016
Tyrone Van Aswegen,0,2016
Boo Weekley,0,2016
Steve Wheatcroft,0,2016
Will Wilcox,0,2016
Kiradech Aphibarnrat,0,2016
Blayne Barber,0,2016
Steven Bowditch,0,2016
Wesley Bryan,0,2016
Rafael Campos,0,2016
Miguel Angel Carballo,0,2016
Rodolfo Cazaubòn,0,2016
Greg Chalmers,1,2016
Chad Collins,0,2016
Ben Crane,0,2016
Bryson DeChambeau,0,2016
Jared du Toit,0,2016
Ernie Els,0,2016
Derek Fathauer,0,2016
Ross Fisher,0,2016
Brian Gay,0,2016
Andres Gonzales,0,2016
Luke Guthrie,0,2016
Padraig Harrington,0,2016
Tim Herron,0,2016
Justin Hicks,0,2016
Charley Hoffman,1,2016
Morgan Hoffmann,0,2016
Hiroshi Iwata,0,2016
Michael Johnson,0,2016
Andrew Johnston,0,2016
Martin Kaymer,0,2016
Kelly Kraft,0,2016
Anirban Lahiri,0,2016
Andrew Landry,0,2016
Richard Lee,0,2016
Haotong Li,0,2016
Will MacKenzie,0,2016
Lee McCoy,0,2016
Troy Merritt,0,2016
S.Y. Noh,0,2016
Geoff Ogilvy,0,2016
Rob Oppenheim,0,2016
Jeff Overton,0,2016
Greg Owen,0,2016
Ian Poulter,0,2016
Andres Romero,0,2016
John Senden,0,2016
Scott Stallings,0,2016
Shawn Stefani,0,2016
Hunter Stewart,0,2016
Robert Streb,0,2016
Chris Stroud,0,2016
Brian Stuard,1,2016
Hudson Swafford,0,2016
Nick Taylor,0,2016
Vaughn Taylor,1,2016
Michael Thompson,0,2016
David Toms,0,2016
D.J. Trahan,0,2016
Cameron Tringale,0,2016
Lee Westwood,0,2016
Tim Wilkinson,0,2016
Bobby Wyatt,0,2016
Jordan Spieth,3,2017
Justin Thomas,5,2017
Jon Rahm,1,2017
Rickie Fowler,1,2017
Paul Casey,0,2017
Matt Kuchar,0,2017
Tony Finau,0,2017
Dustin Johnson,4,2017
Kevin Kisner,1,2017
Justin Rose,0,2017
Brian Harman,1,2017
Charley Hoffman,0,2017
Brooks Koepka,1,2017
Marc Leishman,2,2017
Hideki Matsuyama,3,2017
Daniel Berger,1,2017
Graham DeLaet,0,2017
Rory McIlroy,0,2017
Pat Perez,1,2017
Webb Simpson,0,2017
Keegan Bradley,0,2017
Wesley Bryan,1,2017
Bud Cauley,0,2017
Kevin Chappell,1,2017
Jason Day,0,2017
Adam Hadwin,1,2017
Russell Henley,1,2017
Charles Howell III,0,2017
Martin Laird,0,2017
Phil Mickelson,0,2017
Francesco Molinari,0,2017
Kevin Na,0,2017
Sean O'Hair,0,2017
Ollie Schniederjans,0,2017
Kyle Stanley,1,2017
Gary Woodland,0,2017
Rafa Cabrera Bello,0,2017
Patrick Cantlay,0,2017
Lucas Glover,0,2017
Bill Haas,0,2017
James Hahn,0,2017
Billy Horschel,1,2017
Zach Johnson,0,2017
Russell Knox,0,2017
Danny Lee,0,2017
Jamie Lovemark,0,2017
Louis Oosthuizen,0,2017
Scott Piercy,0,2017
Thomas Pieters,0,2017
Chez Reavie,0,2017
Patrick Reed,0,2017
Xander Schauffele,2,2017
Adam Scott,0,2017
Cameron Smith,1,2017
Brandt Snedeker,0,2017
Brendan Steele,1,2017
Hudson Swafford,1,2017
Nick Taylor,0,2017
Jhonattan Vegas,1,2017
Bubba Watson,0,2017
Byeong Hun An,0,2017
Dominic Bozzelli,0,2017
Chad Campbell,0,2017
Stewart Cink,0,2017
Ross Fisher,0,2017
Tommy Fleetwood,0,2017
Sergio Garcia,1,2017
Robert Garrigus,0,2017
Brian Gay,0,2017
Tyrrell Hatton,0,2017
Sung Kang,0,2017
Chris Kirk,0,2017
Patton Kizzire,0,2017
Kelly Kraft,0,2017
Anirban Lahiri,0,2017
Luke List,0,2017
William McGirt,0,2017
S.Y. Noh,0,2017
Alex Noren,0,2017
Ryan Palmer,0,2017
C.T. Pan,0,2017
Patrick Rodgers,0,2017
Charl Schwartzel,0,2017
J.J. Spaun,0,2017
Scott Stallings,0,2017
Henrik Stenson,1,2017
Robert Streb,0,2017
Chris Stroud,1,2017
Cameron Tringale,0,2017
Kevin Tway,0,2017
Richy Werenski,0,2017
Aaron Baddeley,0,2017
Ryan Blaum,0,2017
Scott Brown,0,2017
Rafael Campos,0,2017
Chad Collins,0,2017
Bryson DeChambeau,1,2017
Jason Dufner,1,2017
Harris English,0,2017
Derek Fathauer,0,2017
Martin Flores,0,2017
Branden Grace,0,2017
Cody Gribble,1,2017
Emiliano Grillo,0,2017
David Hearn,0,2017
Scott Hend,0,2017
J.J. Henry,0,2017
Jim Herman,0,2017
Tom Hoge,0,2017
J.B. Holmes,0,2017
Mackenzie Hughes,1,2017
John Huh,0,2017
Si Woo Kim,1,2017
Whee Kim,0,2017
Ben Martin,0,2017
Ryan Moore,0,2017
Grayson Murray,1,2017
Greg Owen,0,2017
Ian Poulter,0,2017
Sam Saunders,0,2017
Kevin Streelman,0,2017
Steve Stricker,0,2017
Camilo Villegas,0,2017
Johnson Wagner,0,2017
Mark Anderson,0,2017
Stuart Appleby,0,2017
Ryan Armour,0,2017
Blayne Barber,0,2017
Zac Blair,0,2017
Jonas Blixt,1,2017
Sam Burns,0,2017
Jonathan Byrd,0,2017
Ángel Cabrera,0,2017
Alex Cejka,0,2017
Ben Crane,0,2017
Joel Dahmen,0,2017
Luke Donald,0,2017
Julián Etulain,0,2017
Jim Furyk,0,2017
Andres Gonzales,0,2017
Retief Goosen,0,2017
Brandon Hagy,0,2017
Morgan Hoffmann,0,2017
Billy Hurley III,0,2017
Ryo Ishikawa,0,2017
Hiroshi Iwata,0,2017
Andrew Johnston,0,2017
Smylie Kaufman,0,2017
Martin Kaymer,0,2017
Michael Kim,0,2017
Søren Kjeldsen,0,2017
Chase Koepka,0,2017
Jason Kokrak,0,2017
Rick Lamb,0,2017
Spencer Levin,0,2017
Haotong Li,0,2017
David Lingmerth,0,2017
Andrew Loupe,0,2017
Davis Love III,0,2017
Shane Lowry,0,2017
Curtis Luck,0,2017
Bill Lunde,0,2017
Troy Merritt,0,2017
Trey Mullinax,0,2017
Sebastián Muñoz,0,2017
Henrik Norlander,0,2017
Geoff Ogilvy,0,2017
Thorbjørn Olesen,0,2017
Rob Oppenheim,0,2017
Rod Pampling,1,2017
Cameron Percy,0,2017
D.A. Points,1,2017
J.T. Poston,0,2017
Seamus Power,0,2017
Jonathan Randolph,0,2017
Tag Ridings,0,2017
Rory Sabbatini,0,2017
Jordan L Smith,0,2017
Matthew Southgate,0,2017
Shawn Stefani,0,2017
Daniel Summerhays,0,2017
Hideto Tanihara,0,2017
Michael Thompson,0,2017
Braden Thornberry,0,2017
Peter Uihlein,0,2017
Tyrone Van Aswegen,0,2017
Harold Varner III,0,2017
Jimmy Walker,0,2017
Nick Watney,0,2017
Boo Weekley,0,2017
Steve Wheatcroft,0,2017
Aaron Wise,0,2017
Dustin Johnson,3,2018
Tony Finau,0,2018
Justin Rose,2,2018
Justin Thomas,3,2018
Bryson DeChambeau,3,2018
Webb Simpson,1,2018
Brian Harman,0,2018
Patrick Cantlay,1,2018
Chesson Hadley,0,2018
Rory McIlroy,1,2018
Patrick Reed,1,2018
Xander Schauffele,0,2018
Cameron Smith,0,2018
Tiger Woods,1,2018
Tommy Fleetwood,0,2018
Rickie Fowler,0,2018
Brian Gay,0,2018
Emiliano Grillo,0,2018
Billy Horschel,1,2018
Brooks Koepka,2,2018
Marc Leishman,0,2018
Phil Mickelson,1,2018
Bubba Watson,3,2018
Abraham Ancer,0,2018
Keegan Bradley,1,2018
Rafa Cabrera Bello,0,2018
Paul Casey,1,2018
Jason Day,2,2018
Beau Hossler,0,2018
Si Woo Kim,0,2018
Andrew Landry,1,2018
Luke List,0,2018
Francesco Molinari,2,2018
Ryan Moore,0,2018
Andrew Putnam,1,2018
Jon Rahm,1,2018
Jordan Spieth,0,2018
Kyle Stanley,0,2018
Henrik Stenson,0,2018
Kevin Streelman,0,2018
Byeong Hun An,0,2018
Kevin Chappell,0,2018
Tyrrell Hatton,0,2018
Charles Howell III,0,2018
Chris Kirk,0,2018
Kevin Kisner,0,2018
Patton Kizzire,2,2018
Jason Kokrak,0,2018
Matt Kuchar,0,2018
Anirban Lahiri,0,2018
Hideki Matsuyama,0,2018
Keith Mitchell,0,2018
Kevin Na,1,2018
Joaquin Niemann,0,2018
Pat Perez,1,2018
Ian Poulter,1,2018
Sam Saunders,0,2018
Brandt Snedeker,1,2018
J.J. Spaun,0,2018
Peter Uihlein,0,2018
Jimmy Walker,0,2018
Aaron Wise,1,2018
Ryan Armour,1,2018
Stewart Cink,0,2018
Austin Cook,1,2018
Joel Dahmen,0,2018
Sergio Garcia,0,2018
Adam Hadwin,0,2018
Brandon Harkins,0,2018
Russell Henley,0,2018
Tom Hoge,0,2018
J.B. Holmes,0,2018
Whee Kim,0,2018
Russell Knox,0,2018
Kelly Kraft,0,2018
Martin Laird,0,2018
Danny Lee,0,2018
Jamie Lovemark,0,2018
William McGirt,0,2018
Troy Merritt,1,2018
Trey Mullinax,0,2018
Alex Noren,0,2018
Louis Oosthuizen,0,2018
Ryan Palmer,0,2018
Chez Reavie,0,2018
Patrick Rodgers,0,2018
Sam Ryder,0,2018
Ollie Schniederjans,0,2018
Charl Schwartzel,0,2018
Adam Scott,0,2018
Brendan Steele,1,2018
Brian Stuard,0,2018
Vaughn Taylor,0,2018
Kevin Tway,0,2018
Harold Varner III,0,2018
Gary Woodland,1,2018
Kiradech Aphibarnrat,0,2018
Ryan Blaum,0,2018
Scott Brown,0,2018
Bronson Burgoon,0,2018
Chad Campbell,0,2018
Bud Cauley,0,2018
Alex Cejka,0,2018
Jason Dufner,0,2018
Tyler Duncan,0,2018
Paul Dunne,0,2018
Harris English,0,2018
Jim Furyk,0,2018
Brice Garnett,1,2018
Branden Grace,0,2018
David Hearn,0,2018
John Huh,0,2018
Zach Johnson,0,2018
Sung Kang,0,2018
Tom Lovelady,0,2018
Grayson Murray,0,2018
Sean O'Hair,0,2018
John Oda,0,2018
C.T. Pan,0,2018
Cameron Percy,0,2018
Scott Piercy,1,2018
Martin Piller,0,2018
J.T. Poston,0,2018
Seamus Power,0,2018
Ben Silverman,0,2018
Scott Stallings,0,2018
Nick Taylor,0,2018
Richy Werenski,0,2018
Aaron Baddeley,0,2018
Ricky Barnes,0,2018
Daniel Berger,0,2018
Sam Burns,0,2018
Greg Chalmers,0,2018
K.J. Choi,0,2018
Corey Conners,0,2018
Ben Crane,0,2018
Brendon de Jonge,0,2018
Graham DeLaet,0,2018
Matt Every,0,2018
Derek Fathauer,0,2018
Matt Fitzpatrick,0,2018
Robert Garrigus,0,2018
Lucas Glover,0,2018
Retief Goosen,0,2018
Bill Haas,0,2018
James Hahn,0,2018
Seungsu Han,0,2018
J.J. Henry,0,2018
Mackenzie Hughes,0,2018
Alex Kang,0,2018
Smylie Kaufman,0,2018
Michael Kim,1,2018
Satoshi Kodaira,1,2018
Nicholas Lindheim,0,2018
Hunter Mahan,0,2018
Ben Martin,0,2018
Denny McCarthy,0,2018
Graeme McDowell,0,2018
A.J. McInerney,0,2018
Thorbjørn Olesen,0,2018
Chris Paisley,0,2018
Eddie Pepperell,0,2018
Thomas Pieters,0,2018
D.A. Points,0,2018
"Ted Potter, Jr.",1,2018
Jonathan Randolph,0,2018
Andres Romero,0,2018
Rory Sabbatini,0,2018
Adam Schenk,0,2018
Chase Seiffert,0,2018
Shubhankar Sharma,0,2018
Shawn Stefani,0,2018
Robert Streb,0,2018
Scott Strohmeyer,0,2018
Chris Stroud,0,2018
Daniel Summerhays,0,2018
Julian Suri,0,2018
Tyrone Van Aswegen,0,2018
Jhonattan Vegas,0,2018
Nick Watney,0,2018
Steve Wheatcroft,0,2018
Bernd Wiesberger,0,2018
Xinjun Zhang,0,2018
Rory McIlroy,3,2019
Jon Rahm,1,2019
Patrick Cantlay,1,2019
Brooks Koepka,3,2019
Adam Scott,0,2019
Matt Kuchar,2,2019
Gary Woodland,1,2019
Paul Casey,1,2019
Lucas Glover,0,2019
Sungjae Im,0,2019
Dustin Johnson,1,2019
Marc Leishman,1,2019
Hideki Matsuyama,0,2019
Justin Rose,1,2019
Justin Thomas,1,2019
Jason Day,0,2019
Tony Finau,0,2019
Tommy Fleetwood,0,2019
Rickie Fowler,1,2019
Ryan Palmer,1,2019
Scott Piercy,0,2019
Ian Poulter,0,2019
Chez Reavie,1,2019
Rory Sabbatini,0,2019
Xander Schauffele,2,2019
Webb Simpson,0,2019
Brandt Snedeker,0,2019
Bryson DeChambeau,1,2019
Sergio Garcia,0,2019
Adam Hadwin,0,2019
Charles Howell III,1,2019
Si Woo Kim,0,2019
Kevin Kisner,1,2019
Jason Kokrak,0,2019
Louis Oosthuizen,0,2019
Patrick Reed,1,2019
Abraham Ancer,0,2019
Scott Brown,0,2019
Corey Conners,1,2019
Brian Harman,0,2019
Billy Horschel,0,2019
Sung Kang,1,2019
Martin Laird,0,2019
Luke List,0,2019
Shane Lowry,1,2019
Troy Merritt,0,2019
Joaquin Niemann,0,2019
Jordan Spieth,0,2019
Kevin Streelman,0,2019
Chris Stroud,0,2019
Vaughn Taylor,0,2019
Michael Thompson,0,2019
Tiger Woods,1,2019
Byeong Hun An,0,2019
Kiradech Aphibarnrat,0,2019
Aaron Baddeley,0,2019
Keegan Bradley,0,2019
Sam Burns,0,2019
Cameron Champ,1,2019
Wyndham Clark,0,2019
Jim Furyk,0,2019
Chesson Hadley,0,2019
Tyrrell Hatton,0,2019
Kelly Kraft,0,2019
Danny Lee,0,2019
Graeme McDowell,1,2019
Keith Mitchell,1,2019
Francesco Molinari,1,2019
Collin Morikawa,1,2019
Sebastián Muñoz,0,2019
Kevin Na,1,2019
Carlos Ortiz,0,2019
Pat Perez,0,2019
J.T. Poston,1,2019
Andrew Putnam,0,2019
Adam Schenk,0,2019
Roger Sloan,0,2019
Cameron Smith,0,2019
Henrik Stenson,0,2019
Brian Stuard,0,2019
D.J. Trahan,0,2019
Harold Varner III,0,2019
Jhonattan Vegas,0,2019
Nick Watney,0,2019
Bubba Watson,0,2019
Dominic Bozzelli,0,2019
Bronson Burgoon,0,2019
Rafa Cabrera Bello,0,2019
Roberto Castro,0,2019
Bud Cauley,0,2019
Austin Cook,0,2019
Joel Dahmen,0,2019
Roberto Díaz,0,2019
Jason Dufner,0,2019
Matt Every,0,2019
Matt Fitzpatrick,0,2019
Joey Garber,0,2019
Brice Garnett,0,2019
Brian Gay,0,2019
Talor Gooch,0,2019
Branden Grace,0,2019
Emiliano Grillo,0,2019
Bill Haas,0,2019
Charley Hoffman,0,2019
J.B. Holmes,1,2019
Max Homa,1,2019
Mackenzie Hughes,0,2019
Matt Jones,0,2019
Russell Knox,0,2019
Nate Lashley,1,2019
K.H. Lee,0,2019
Adam Long,1,2019
Denny McCarthy,0,2019
Phil Mickelson,1,2019
Ryan Moore,0,2019
C.T. Pan,1,2019
Seamus Power,0,2019
Wes Roach,0,2019
Sam Ryder,0,2019
J.J. Spaun,0,2019
Scott Stallings,0,2019
Shawn Stefani,0,2019
Robert Streb,0,2019
Josh Teater,0,2019
Cameron Tringale,0,2019
Kevin Tway,1,2019
Peter Uihlein,0,2019
Matt Wallace,0,2019
Danny Willett,0,2019
Chase Wright,0,2019
Anders Albertson,0,2019
Ryan Armour,0,2019
Daniel Berger,0,2019
Lucas Bjerregaard,0,2019
Ryan Blaum,0,2019
Jonas Blixt,0,2019
Jonathan Byrd,0,2019
Kevin Chappell,0,2019
John Chin,0,2019
K.J. Choi,0,2019
Ben Crane,0,2019
Charlie Danielson,0,2019
Luke Donald,0,2019
Tyler Duncan,0,2019
Dylan Frittelli,1,2019
Justin Harding,0,2019
Brandon Harkins,0,2019
David Hearn,0,2019
Russell Henley,0,2019
J.J. Henry,0,2019
Jim Herman,1,2019
Kramer Hickok,0,2019
Tom Hoge,0,2019
Sam Horsfield,0,2019
Viktor Hovland,0,2019
Billy Hurley III,0,2019
Zach Johnson,0,2019
Martin Kaymer,0,2019
Whee Kim,0,2019
Patton Kizzire,0,2019
Jim Knous,0,2019
Anirban Lahiri,0,2019
Andrew Landry,0,2019
Scott Langley,0,2019
Hank Lebioda,0,2019
Haotong Li,0,2019
David Lipsky,0,2019
Davis Love III,0,2019
Curtis Luck,0,2019
Joost Luiten,0,2019
Robert MacIntyre,0,2019
Peter Malnati,0,2019
Chip McDaniel,0,2019
George McNeill,0,2019
Dylan Meyer,0,2019
Sean O'Hair,0,2019
Thorbjørn Olesen,0,2019
Eddie Pepperell,0,2019
"Ted Potter, Jr.",0,2019
Doc Redman,0,2019
Seth Reeves,0,2019
Patrick Rodgers,0,2019
Sam Saunders,0,2019
Charl Schwartzel,0,2019
Shubhankar Sharma,0,2019
Vijay Singh,0,2019
Kyle Stanley,0,2019
Sepp Straka,0,2019
Zack Sucher,0,2019
Hudson Swafford,0,2019
Nick Taylor,0,2019
Martin Trainer,1,2019
Austen Truslow,0,2019
Erik van Rooyen,0,2019
Johnson Wagner,0,2019
Richy Werenski,0,2019
Lee Westwood,0,2019
Aaron Wise,0,2019
Matthew Wolff,1,2019
Justin Thomas,3,2020
Bryson DeChambeau,1,2020
Jon Rahm,2,2020
Patrick Reed,1,2020
Webb Simpson,2,2020
Daniel Berger,1,2020
Tony Finau,0,2020
Sungjae Im,1,2020
Dustin Johnson,3,2020
Rory McIlroy,1,2020
Collin Morikawa,2,2020
Xander Schauffele,0,2020
Scottie Scheffler,0,2020
Harris English,0,2020
Tyrrell Hatton,1,2020
Billy Horschel,0,2020
Gary Woodland,0,2020
Byeong Hun An,0,2020
Joel Dahmen,0,2020
Jason Day,0,2020
Matt Fitzpatrick,0,2020
Hideki Matsuyama,0,2020
Sebastián Muñoz,1,2020
Ryan Palmer,0,2020
Abraham Ancer,0,2020
Lanto Griffin,1,2020
Russell Henley,0,2020
Max Homa,0,2020
Mackenzie Hughes,0,2020
Kevin Kisner,0,2020
Denny McCarthy,0,2020
Kevin Na,1,2020
Joaquin Niemann,1,2020
Alex Noren,0,2020
Kevin Streelman,0,2020
Brendon Todd,2,2020
Ryan Armour,0,2020
Patrick Cantlay,0,2020
Dylan Frittelli,0,2020
Emiliano Grillo,0,2020
Adam Hadwin,0,2020
Tom Hoge,0,2020
Viktor Hovland,1,2020
Charles Howell III,0,2020
Mark Hubbard,0,2020
Jason Kokrak,0,2020
Danny Lee,0,2020
Marc Leishman,1,2020
Adam Long,0,2020
Maverick McNealy,0,2020
Henrik Norlander,0,2020
Carlos Ortiz,0,2020
Robby Shelton,0,2020
Jordan Spieth,0,2020
Brendan Steele,0,2020
Sepp Straka,0,2020
Bubba Watson,0,2020
Richy Werenski,1,2020
Xinjun Zhang,0,2020
Bud Cauley,0,2020
Cameron Champ,1,2020
Cam Davis,0,2020
Rickie Fowler,0,2020
Brian Gay,0,2020
Fabián Gómez,0,2020
Talor Gooch,0,2020
Will Gordon,0,2020
Harry Higgs,0,2020
Charley Hoffman,0,2020
Matt Jones,0,2020
Sung Kang,0,2020
Brooks Koepka,0,2020
Nate Lashley,0,2020
Troy Merritt,0,2020
Phil Mickelson,0,2020
Ryan Moore,0,2020
Louis Oosthuizen,0,2020
Pat Perez,0,2020
J.T. Poston,0,2020
"Ted Potter, Jr.",0,2020
Chez Reavie,0,2020
Wes Roach,0,2020
Justin Rose,0,2020
Sam Ryder,0,2020
Matthias Schwab,0,2020
Charl Schwartzel,0,2020
Cameron Smith,1,2020
Scott Stallings,0,2020
Brian Stuard,0,2020
Nick Taylor,1,2020
Vaughn Taylor,0,2020
Michael Thompson,1,2020
Aaron Wise,0,2020
Matthew Wolff,0,2020
Tiger Woods,1,2020
Kiradech Aphibarnrat,0,2020
Zac Blair,0,2020
Dominic Bozzelli,0,2020
Joseph Bramlett,0,2020
Scott Brown,0,2020
Bronson Burgoon,0,2020
Sam Burns,0,2020
Chad Campbell,0,2020
Sebastian Cappelen,0,2020
Paul Casey,0,2020
Stewart Cink,0,2020
Wyndham Clark,0,2020
Corey Conners,0,2020
Tyler Duncan,1,2020
Tommy Fleetwood,0,2020
Sergio Garcia,0,2020
Lucas Glover,0,2020
Branden Grace,0,2020
Brian Harman,0,2020
Scott Harrington,0,2020
David Hearn,0,2020
Jim Herman,1,2020
Bo Hoag,0,2020
Beau Hossler,0,2020
Zach Johnson,0,2020
Si Woo Kim,0,2020
Patton Kizzire,0,2020
Matt Kuchar,0,2020
Martin Laird,0,2020
Andrew Landry,1,2020
Hank Lebioda,0,2020
K.H. Lee,0,2020
Tom Lewis,0,2020
Luke List,0,2020
Shane Lowry,0,2020
Graeme McDowell,0,2020
George McNeill,0,2020
Keith Mitchell,0,2020
Grayson Murray,0,2020
Matthew NeSmith,0,2020
Rob Oppenheim,0,2020
Cameron Percy,0,2020
Victor Perez,0,2020
Scott Piercy,0,2020
Ian Poulter,0,2020
Seamus Power,0,2020
Andrew Putnam,0,2020
Doc Redman,0,2020
Patrick Rodgers,0,2020
Adam Scott,1,2020
Chase Seiffert,0,2020
Brandt Snedeker,0,2020
Kyle Stanley,0,2020
Robert Streb,0,2020
Hudson Swafford,0,2020
Josh Teater,0,2020
D.J. Trahan,0,2020
Cameron Tringale,0,2020
Erik van Rooyen,0,2020
Harold Varner III,0,2020
Jhonattan Vegas,0,2020
Matt Wallace,0,2020
Paul Waring,0,2020
Nick Watney,0,2020
Lee Westwood,0,2020
Vince Whaley,0,2020
Danny Willett,0,2020
Jon Rahm,1,2021
Abraham Ancer,1,2021
Bryson DeChambeau,2,2021
Dustin Johnson,1,2021
Jordan Spieth,1,2021
Daniel Berger,1,2021
Sam Burns,1,2021
Corey Conners,0,2021
Harris English,2,2021
Tony Finau,1,2021
Brooks Koepka,1,2021
Collin Morikawa,2,2021
Louis Oosthuizen,0,2021
Xander Schauffele,0,2021
Scottie Scheffler,0,2021
Cameron Smith,1,2021
Will Zalatoris,0,2021
Patrick Cantlay,4,2021
Paul Casey,0,2021
Viktor Hovland,1,2021
Rory McIlroy,1,2021
Justin Thomas,1,2021
Billy Horschel,1,2021
Patrick Reed,1,2021
Webb Simpson,0,2021
Matt Fitzpatrick,0,2021
James Hahn,0,2021
Brian Harman,0,2021
Russell Henley,0,2021
Charley Hoffman,0,2021
Max Homa,1,2021
Sungjae Im,0,2021
Si Woo Kim,1,2021
Patton Kizzire,0,2021
Jason Kokrak,2,2021
Luke List,0,2021
Kevin Na,1,2021
Joaquin Niemann,0,2021
Erik van Rooyen,1,2021
Bubba Watson,0,2021
Ryan Armour,0,2021
Keegan Bradley,0,2021
Sergio Garcia,1,2021
Lucas Glover,1,2021
Branden Grace,1,2021
Emiliano Grillo,0,2021
Adam Hadwin,0,2021
Tyrrell Hatton,0,2021
Mackenzie Hughes,0,2021
Chris Kirk,0,2021
Kevin Kisner,1,2021
Marc Leishman,1,2021
Shane Lowry,0,2021
Troy Merritt,0,2021
Keith Mitchell,0,2021
Sebastián Muñoz,0,2021
Ryan Palmer,0,2021
Seamus Power,1,2021
Andrew Putnam,0,2021
Doc Redman,0,2021
Sam Ryder,0,2021
Kevin Streelman,0,2021
Cameron Tringale,0,2021
Jhonattan Vegas,0,2021
Stewart Cink,2,2021
Joel Dahmen,1,2021
Cam Davis,1,2021
Jason Day,0,2021
Dylan Frittelli,0,2021
Brice Garnett,0,2021
Talor Gooch,0,2021
Brandon Hagy,0,2021
Zach Johnson,0,2021
Matt Jones,1,2021
Anirban Lahiri,0,2021
Hank Lebioda,0,2021
K.H. Lee,1,2021
Peter Malnati,0,2021
Hideki Matsuyama,1,2021
Denny McCarthy,0,2021
Francesco Molinari,0,2021
Alex Noren,0,2021
Henrik Norlander,0,2021
Carlos Ortiz,1,2021
Ian Poulter,0,2021
Justin Rose,0,2021
Charl Schwartzel,0,2021
Brendan Steele,0,2021
Sepp Straka,0,2021
Brian Stuard,0,2021
Hudson Swafford,1,2021
Brendon Todd,0,2021
Aaron Wise,0,2021
Gary Woodland,0,2021
Rafael Campos,0,2021
Cameron Champ,1,2021
Wyndham Clark,0,2021
Tommy Fleetwood,0,2021
Lanto Griffin,0,2021
Kramer Hickok,0,2021
Harry Higgs,0,2021
Tom Hoge,0,2021
Russell Knox,0,2021
Nate Lashley,0,2021
Adam Long,0,2021
Robert MacIntyre,0,2021
Tyler McCumber,0,2021
Maverick McNealy,0,2021
Matthew NeSmith,0,2021
C.T. Pan,0,2021
Cameron Percy,0,2021
Mito Pereira,0,2021
Pat Perez,0,2021
Victor Perez,0,2021
J.T. Poston,0,2021
Rory Sabbatini,0,2021
Adam Schenk,0,2021
Adam Scott,0,2021
Roger Sloan,0,2021
Brandt Snedeker,0,2021
Scott Stallings,0,2021
Kyle Stanley,0,2021
Kris Ventura,0,2021
Camilo Villegas,0,2021
Matt Wallace,0,2021
Richy Werenski,0,2021
Lee Westwood,0,2021
Danny Willett,0,2021
Matthew Wolff,0,2021
Byeong Hun An,0,2021
Mark Anderson,0,2021
Christiaan Bezuidenhout,0,2021
Akshay Bhatia,0,2021
Joseph Bramlett,0,2021
Scott Brown,0,2021
Austin Cook,0,2021
Rickie Fowler,0,2021
Brian Gay,1,2021
Doug Ghim,0,2021
Michael Gligic,0,2021
Chesson Hadley,0,2021
Padraig Harrington,0,2021
David Hearn,0,2021
Garrick Higgo,1,2021
Beau Hossler,0,2021
Charles Howell III,0,2021
Matt Kuchar,0,2021
Martin Laird,1,2021
Andrew Landry,0,2021
Tom Lewis,0,2021
David Lipsky,0,2021
Ben Martin,0,2021
Graeme McDowell,0,2021
Phil Mickelson,1,2021
Guido Migliozzi,0,2021
Ryan Moore,0,2021
Grayson Murray,0,2021
Sean O'Hair,0,2021
Rob Oppenheim,0,2021
Scott Piercy,0,2021
Thomas Pieters,0,2021
"Ted Potter, Jr.",0,2021
Chez Reavie,0,2021
Patrick Rodgers,0,2021
Ollie Schniederjans,0,2021
Chase Seiffert,0,2021
Greyson Sigg,0,2021
J.J. Spaun,0,2021
Robert Streb,1,2021
Steve Stricker,0,2021
Justin Suh,0,2021
Nick Taylor,0,2021
Vaughn Taylor,0,2021
Michael Thompson,0,2021
Peter Uihlein,0,2021
Bo Van Pelt,0,2021
Harold Varner III,0,2021
Jimmy Walker,0,2021
Vince Whaley,0,2021
Bernd Wiesberger,0,2021
Brandon Wu,0,2021
Patrick Cantlay,2,2022
Scottie Scheffler,4,2022
Matt Fitzpatrick,1,2022
Rory McIlroy,3,2022
Justin Thomas,1,2022
Sungjae Im,1,2022
Will Zalatoris,1,2022
Sam Burns,3,2022
Collin Morikawa,0,2022
Jon Rahm,1,2022
Tony Finau,2,2022
Xander Schauffele,3,2022
Cameron Smith,3,2022
Scott Stallings,0,2022
Cameron Young,0,2022
Keegan Bradley,0,2022
Brian Harman,0,2022
Tom Hoge,1,2022
Hideki Matsuyama,2,2022
Keith Mitchell,0,2022
Davis Riley,0,2022
Jordan Spieth,1,2022
Cam Davis,0,2022
Tommy Fleetwood,0,2022
Adam Hadwin,0,2022
Max Homa,2,2022
Billy Horschel,1,2022
Viktor Hovland,1,2022
Kevin Kisner,0,2022
Denny McCarthy,0,2022
Joaquin Niemann,1,2022
Seamus Power,0,2022
Adam Scott,0,2022
Sepp Straka,1,2022
Sahith Theegala,0,2022
Cameron Tringale,0,2022
Gary Woodland,0,2022
Corey Conners,0,2022
Talor Gooch,1,2022
Lanto Griffin,0,2022
Chesson Hadley,0,2022
Russell Henley,0,2022
Chris Kirk,0,2022
Shane Lowry,0,2022
Maverick McNealy,0,2022
Taylor Moore,0,2022
J.T. Poston,1,2022
Brendan Steele,0,2022
Aaron Wise,0,2022
Brandon Wu,0,2022
Abraham Ancer,0,2022
Daniel Berger,0,2022
Wyndham Clark,0,2022
Joel Dahmen,0,2022
James Hahn,0,2022
Tyrrell Hatton,0,2022
Mackenzie Hughes,0,2022
Dustin Johnson,0,2022
Tom Kim,1,2022
Kurt Kitayama,0,2022
Matt Kuchar,0,2022
Anirban Lahiri,0,2022
Danny Lee,0,2022
Marc Leishman,0,2022
David Lipsky,0,2022
Luke List,1,2022
Trey Mullinax,1,2022
Sebastián Muñoz,0,2022
Alex Noren,0,2022
Taylor Pendrith,0,2022
Cameron Percy,0,2022
Mito Pereira,0,2022
Chez Reavie,1,2022
Patrick Rodgers,0,2022
Sam Ryder,0,2022
Adam Schenk,0,2022
Matthias Schwab,0,2022
Alex Smalley,0,2022
J.J. Spaun,1,2022
Robert Streb,0,2022
Adam Svensson,0,2022
Callum Tarren,0,2022
Harold Varner III,0,2022
Hayden Buckley,0,2022
Cameron Champ,0,2022
Stewart Cink,0,2022
Jason Day,0,2022
Lucas Glover,0,2022
Chris Gotterup,0,2022
Branden Grace,0,2022
Emiliano Grillo,0,2022
Lucas Herbert,1,2022
Lee Hodges,0,2022
Rasmus Hojgaard,0,2022
Beau Hossler,0,2022
Mark Hubbard,0,2022
John Huh,0,2022
Stephan Jaeger,0,2022
Matt Jones,0,2022
Takumi Kanaya,0,2022
Russell Knox,0,2022
Brooks Koepka,0,2022
Andrew Landry,0,2022
K.H. Lee,1,2022
Hurly Long,0,2022
Justin Lower,0,2022
Peter Malnati,0,2022
Max McGreevy,0,2022
Troy Merritt,0,2022
Kevin Na,0,2022
Matthew NeSmith,0,2022
C.T. Pan,0,2022
Pat Perez,0,2022
Andrew Putnam,0,2022
Aaron Rai,0,2022
Chad Ramey,1,2022
Patrick Reed,0,2022
Justin Rose,0,2022
Charl Schwartzel,0,2022
Kevin Streelman,0,2022
Brian Stuard,0,2022
Michael Thompson,0,2022
Brendon Todd,0,2022
Martin Trainer,0,2022
Matt Wallace,0,2022
Vince Whaley,0,2022
Matthew Wolff,0,2022
John Augenstein,0,2022
Paul Barjon,0,2022
Christiaan Bezuidenhout,0,2022
Richard Bland,0,2022
Ryan Brehm,1,2022
Dean Burmester,0,2022
Jonathan Byrd,0,2022
Paul Casey,0,2022
Bryson DeChambeau,0,2022
Thomas Detry,0,2022
Jamie Donaldson,0,2022
Patrick Flavin,0,2022
Rickie Fowler,0,2022
Dylan Frittelli,0,2022
Tommy Gainey,0,2022
Sergio Garcia,0,2022
Brice Garnett,0,2022
Doug Ghim,0,2022
Michael Gligic,0,2022
Ricardo Gouveia,0,2022
Ben Griffin,0,2022
Scott Gutschewski,0,2022
Harry Hall,0,2022
Nick Hardy,0,2022
Marcus Helligkilde,0,2022
Mark Hensby,0,2022
Jim Herman,0,2022
Kramer Hickok,0,2022
Garrick Higgo,0,2022
Harry Higgs,0,2022
Charley Hoffman,0,2022
Charles Howell III,0,2022
Michael Kim,0,2022
Si Woo Kim,0,2022
Patton Kizzire,0,2022
Jason Kokrak,1,2022
Martin Laird,0,2022
Nate Lashley,0,2022
Ben Martin,0,2022
Tyler McCumber,0,2022
William McGirt,0,2022
Francesco Molinari,0,2022
Henrik Norlander,0,2022
Sean O'Hair,0,2022
Carlos Ortiz,0,2022
Ryan Palmer,0,2022
Scott Piercy,0,2022
Doc Redman,0,2022
Seth Reeves,0,2022
Rory Sabbatini,0,2022
Matti Schmid,0,2022
Jason Scrivener,0,2022
Greyson Sigg,0,2022
Webb Simpson,0,2022
Austin Smotherman,0,2022
Hudson Swafford,1,2022
Vaughn Taylor,0,2022
Curtis Thompson,0,2022
Michael Thorbjornsen,0,2022
Kevin Tway,0,2022
Erik van Rooyen,0,2022
Jhonattan Vegas,0,2022
Nick Watney,0,2022
Bubba Watson,0,2022
Danny Willett,0,2022
Dylan Wu,0,2022
Kevin Yu,0,2022
Scottie Scheffler,2,2023
Max Homa,2,2023
Rory McIlroy,2,2023
Xander Schauffele,0,2023
Patrick Cantlay,0,2023
Jon Rahm,4,2023
Tommy Fleetwood,0,2023
Viktor Hovland,3,2023
Sungjae Im,0,2023
Tom Kim,2,2023
Wyndham Clark,2,2023
Cam Davis,0,2023
Jason Day,1,2023
Rickie Fowler,1,2023
Emiliano Grillo,1,2023
Denny McCarthy,0,2023
J.T. Poston,0,2023
Sahith Theegala,1,2023
Eric Cole,0,2023
Brian Harman,1,2023
Tyrrell Hatton,0,2023
Collin Morikawa,1,2023
Adam Schenk,0,2023
Jordan Spieth,0,2023
Brendon Todd,0,2023
Keegan Bradley,2,2023
Sam Burns,1,2023
Matt Fitzpatrick,1,2023
Adam Hadwin,0,2023
Mark Hubbard,0,2023
Matt Kuchar,0,2023
Andrew Putnam,0,2023
Nick Taylor,1,2023
Akshay Bhatia,1,2023
Corey Conners,1,2023
Joel Dahmen,0,2023
Harris English,0,2023
Tony Finau,2,2023
Lucas Glover,2,2023
Russell Henley,1,2023
Beau Hossler,0,2023
Si Woo Kim,1,2023
David Lingmerth,0,2023
Keith Mitchell,0,2023
Taylor Montgomery,0,2023
Patrick Rodgers,0,2023
Justin Rose,1,2023
Sam Ryder,0,2023
Adam Scott,0,2023
Sepp Straka,1,2023
Cameron Young,0,2023
Ludvig Åberg,1,2023
Byeong Hun An,0,2023
Hayden Buckley,0,2023
Austin Eckroat,0,2023
Tom Hoge,0,2023
Mackenzie Hughes,1,2023
Michael Kim,0,2023
Chris Kirk,1,2023
Kurt Kitayama,1,2023
K.H. Lee,0,2023
Min Woo Lee,0,2023
Taylor Moore,1,2023
Matt NeSmith,0,2023
Alex Noren,0,2023
Taylor Pendrith,0,2023
Alex Smalley,0,2023
J.J. Spaun,0,2023
Justin Suh,0,2023
Adam Svensson,1,2023
Ben Taylor,0,2023
Justin Thomas,0,2023
Erik van Rooyen,1,2023
Aaron Baddeley,0,2023
Joseph Bramlett,0,2023
Cameron Champ,0,2023
Thomas Detry,0,2023
Tyler Duncan,0,2023
Ben Griffin,0,2023
Chesson Hadley,0,2023
Harry Hall,0,2023
Lee Hodges,1,2023
Billy Horschel,0,2023
Nate Lashley,0,2023
Justin Lower,0,2023
Ben Martin,0,2023
Maverick McNealy,0,2023
Troy Merritt,0,2023
Ryan Moore,0,2023
Vincent Norrman,1,2023
Ryan Palmer,0,2023
C.T. Pan,0,2023
Seamus Power,1,2023
Aaron Rai,0,2023
Robby Shelton,0,2023
Sam Stevens,0,2023
Brandon Wu,0,2023
Kevin Yu,0,2023
Tyson Alexander,0,2023
Zac Blair,0,2023
Ryan Gerard,0,2023
Cody Gribble,0,2023
Nick Hardy,1,2023
Ryo Hisatsune,0,2023
Nicolai Hojgaard,0,2023
Stephan Jaeger,0,2023
S.H. Kim,0,2023
Patton Kizzire,0,2023
Brooks Koepka,1,2023
David Lipsky,0,2023
Peter Malnati,0,2023
Hideki Matsuyama,0,2023
Trey Mullinax,0,2023
Grayson Murray,0,2023
Andrew Novak,0,2023
Chez Reavie,0,2023
Davis Riley,1,2023
Matti Schmid,0,2023
Matthias Schwab,0,2023
Greyson Sigg,0,2023
Webb Simpson,0,2023
Cameron Smith,0,2023
Kevin Streelman,0,2023
Callum Tarren,0,2023
Davis Thompson,0,2023
Camilo Villegas,1,2023
Matt Wallace,1,2023
Gary Woodland,0,2023
Dylan Wu,0,2023
Carson Young,0,2023
Carl Yuan,0,2023
Erik Barnes,0,2023
Ricky Barnes,0,2023
Christiaan Bezuidenhout,0,2023
Daniel Brown,0,2023
Wesley Bryan,0,2023
Dean Burmester,0,2023
Stewart Cink,0,2023
Trevor Cone,0,2023
Austin Cook,0,2023
Sean Crocker,0,2023
Jens Dantorp,0,2023
Bryson DeChambeau,0,2023
Zecheng Dou,0,2023
Nico Echavarria,1,2023
Harrison Endycott,0,2023
Brice Garnett,0,2023
Will Gordon,0,2023
Brent Grant,0,2023
Julien Guerrier,0,2023
James Hahn,0,2023
Paul Haley II,0,2023
Cole Hammer,0,2023
Padraig Harrington,0,2023
Lucas Herbert,0,2023
Garrick Higgo,0,2023
Harry Higgs,0,2023
Kensei Hirata,0,2023
Ryo Ishikawa,0,2023
Dustin Johnson,0,2023
Matthew Jordan,0,2023
Masahiro Kawamura,0,2023
Nathan Kimsey,0,2023
Ben Kohles,0,2023
Peter Kuest,0,2023
Martin Laird,0,2023
Alexander Levy,0,2023
Luke List,1,2023
Shane Lowry,0,2023
Robert MacIntyre,0,2023
Brandon Matthews,0,2023
Max McGreevy,0,2023
Phil Mickelson,0,2023
Henrik Norlander,0,2023
Sean O'Hair,0,2023
Mito Pereira,0,2023
Chad Ramey,0,2023
David Ravetto,0,2023
Doc Redman,0,2023
Patrick Reed,0,2023
JC Ritchie,0,2023
Kevin Roy,0,2023
Adrien Saddier,0,2023
Isaiah Salinda,0,2023
Shubhankar Sharma,0,2023
Austin Smotherman,0,2023
Sebastian Soderberg,0,2023
Scott Stallings,0,2023
Chris Stroud,0,2023
Alejandro Tosti,0,2023
Martin Trainer,0,2023
John VanDerLaan,0,2023
Vince Whaley,0,2023
Danny Willett,0,2023
Aaron Wise,0,2023
Will Zalatoris,0,2023
Scottie Scheffler,7,2024
Xander Schauffele,2,2024
Sahith Theegala,0,2024
Ludvig Åberg,0,2024
Sam Burns,0,2024
Wyndham Clark,1,2024
Sungjae Im,0,2024
Collin Morikawa,0,2024
Russell Henley,0,2024
Billy Horschel,1,2024
Shane Lowry,1,2024
Hideki Matsuyama,2,2024
Rory McIlroy,2,2024
Taylor Pendrith,1,2024
Max Greyserman,0,2024
Mackenzie Hughes,0,2024
Robert MacIntyre,2,2024
Maverick McNealy,1,2024
J.T. Poston,1,2024
Aaron Rai,1,2024
Justin Thomas,0,2024
Cameron Young,0,2024
Byeong Hun An,0,2024
Eric Cole,0,2024
Tony Finau,0,2024
Patrick Fishburn,0,2024
Ben Griffin,0,2024
Adam Hadwin,0,2024
Justin Lower,0,2024
Andrew Novak,0,2024
Patrick Rodgers,0,2024
Adam Scott,0,2024
Davis Thompson,1,2024
Kevin Yu,1,2024
Patrick Cantlay,0,2024
Luke Clanton,0,2024
Corey Conners,0,2024
Jason Day,0,2024
Thomas Detry,0,2024
Nick Dunlap,2,2024
Nico Echavarria,1,2024
Harris English,0,2024
Tommy Fleetwood,0,2024
Rico Hoey,0,2024
Tom Hoge,0,2024
Stephan Jaeger,1,2024
Kurt Kitayama,0,2024
Jake Knapp,1,2024
K.H. Lee,0,2024
David Lipsky,0,2024
Denny McCarthy,0,2024
Keith Mitchell,0,2024
Alex Noren,0,2024
Matthieu Pavon,1,2024
Greyson Sigg,0,2024
J.J. Spaun,0,2024
Hayden Springer,0,2024
Sam Stevens,0,2024
Sepp Straka,0,2024
Erik van Rooyen,0,2024
Christiaan Bezuidenhout,0,2024
Akshay Bhatia,1,2024
Keegan Bradley,1,2024
Bryson DeChambeau,1,2024
Austin Eckroat,2,2024
Matt Fitzpatrick,0,2024
Ryan Fox,0,2024
Brian Harman,0,2024
Joe Highsmith,0,2024
Charley Hoffman,0,2024
Max Homa,0,2024
Beau Hossler,0,2024
Mark Hubbard,0,2024
Chan Kim,0,2024
Si Woo Kim,0,2024
Chris Kirk,1,2024
Patton Kizzire,1,2024
Mac Meissner,0,2024
C.T. Pan,0,2024
Victor Perez,0,2024
Matti Schmid,0,2024
Jordan Spieth,0,2024
Nick Taylor,1,2024
Michael Thorbjornsen,0,2024
Vince Whaley,0,2024
Carson Young,0,2024
Will Zalatoris,0,2024
Daniel Berger,0,2024
Zac Blair,0,2024
Wesley Bryan,0,2024
Hayden Buckley,0,2024
Rafael Campos,1,2024
Pierceson Coody,0,2024
Cam Davis,1,2024
Adrien Dumont de Chassart,0,2024
Doug Ghim,0,2024
Lucas Glover,0,2024
Emiliano Grillo,0,2024
Chesson Hadley,0,2024
Harry Hall,1,2024
Garrick Higgo,0,2024
Lee Hodges,0,2024
Viktor Hovland,0,2024
Michael Kim,0,2024
Tom Kim,0,2024
Ben Kohles,0,2024
Peter Kuest,0,2024
Martin Laird,0,2024
Min Woo Lee,0,2024
Peter Malnati,1,2024
Taylor Moore,0,2024
Grayson Murray,1,2024
Matt NeSmith,0,2024
Chandler Phillips,0,2024
Andrew Putnam,0,2024
Justin Rose,0,2024
David Skinns,0,2024
Alex Smalley,0,2024
Adam Svensson,0,2024
Brendon Todd,0,2024
Alejandro Tosti,0,2024
Kevin Tway,0,2024
Carl Yuan,0,2024
Sam Bairstow,0,2024
Paul Barjon,0,2024
Erik Barnes,0,2024
Ryan Brehm,0,2024
Daniel Brown,0,2024
Jorge Campillo,0,2024
Bud Cauley,0,2024
Parker Coody,0,2024
Austin Cook,0,2024
Trace Crowe,0,2024
Joel Dahmen,0,2024
Alistair Docherty,0,2024
Rickie Fowler,0,2024
Brice Garnett,1,2024
Chris Gotterup,1,2024
Lanto Griffin,0,2024
Nick Hardy,0,2024
Evan Harmeling,0,2024
Tyrrell Hatton,0,2024
Ryo Hisatsune,0,2024
Nicolai Højgaard,0,2024
Matthew Jordan,0,2024
S.H. Kim,0,2024
Matt Kuchar,0,2024
Romain Langasque,0,2024
Nate Lashley,0,2024
Thriston Lawrence,0,2024
Luke List,0,2024
Richard Mansell,0,2024
Ben Martin,0,2024
Matt McCarty,1,2024
Ryan McCormick,0,2024
Troy Merritt,0,2024
Ryan Moore,0,2024
S.Y. Noh,0,2024
Henrik Norlander,0,2024
Seamus Power,0,2024
Jon Rahm,0,2024
Chad Ramey,0,2024
Chez Reavie,0,2024
Davis Riley,1,2024
Sam Ryder,0,2024
Adam Schenk,0,2024
Taiga Semikawa,0,2024
Robby Shelton,0,2024
Neal Shipley,0,2024
Ben Silverman,0,2024
Cameron Smith,0,2024
Austin Smotherman,0,2024
Jimmy Stanger,0,2024
Kevin Streelman,0,2024
Yuta Sugiura,0,2024
Ben Taylor,0,2024
Martin Trainer,0,2024
Sami Valimaki,0,2024
Jackson Van Paris,0,2024
Johannes Veerman,0,2024
Jhonattan Vegas,1,2024
Matt Wallace,0,2024
Gary Woodland,0,2024
Brandon Wu,0,2024
Dylan Wu,0,2024
Norman Xiong,0,2024
Corey Conners,0,2025
Russell Henley,1,2025
Justin Thomas,0,2025
Akshay Bhatia,0,2025
Lucas Glover,0,2025
Ben Griffin,0,2025
Michael Kim,0,2025
Shane Lowry,0,2025
Rory McIlroy,2,2025
Maverick McNealy,0,2025
Collin Morikawa,0,2025
Taylor Pendrith,0,2025
Scottie Scheffler,0,2025
J.J. Spaun,0,2025
Sepp Straka,1,2025
Ludvig Åberg,1,2025
Keegan Bradley,0,2025
Jacob Bridgeman,0,2025
Patrick Cantlay,0,2025
Bud Cauley,0,2025
Joel Dahmen,0,2025
Jason Day,0,2025
Thomas Detry,1,2025
Harry Hall,0,2025
Ryo Hisatsune,0,2025
Lee Hodges,0,2025
Tom Hoge,0,2025
Billy Horschel,0,2025
Sungjae Im,0,2025
Stephan Jaeger,0,2025
Robert MacIntyre,0,2025
Taylor Moore,0,2025
Davis Riley,0,2025
Justin Rose,0,2025
Jordan Spieth,0,2025
Nick Taylor,1,2025
Alejandro Tosti,0,2025
Byeong Hun An,0,2025
Daniel Berger,0,2025
Christiaan Bezuidenhout,0,2025
Joseph Bramlett,0,2025
Sam Burns,0,2025
Brian Campbell,1,2025
Will Chandler,0,2025
Wyndham Clark,0,2025
Eric Cole,0,2025
Cam Davis,0,2025
Nick Dunlap,0,2025
Nico Echavarria,0,2025
Harris English,1,2025
Tony Finau,0,2025
Patrick Fishburn,0,2025
Steven Fisk,0,2025
Tommy Fleetwood,0,2025
Ryan Gerard,0,2025
Will Gordon,0,2025
Max Greyserman,0,2025
Lanto Griffin,0,2025
Adam Hadwin,0,2025
Joe Highsmith,1,2025
Charley Hoffman,0,2025
Nicolai Højgaard,0,2025
Viktor Hovland,1,2025
Mackenzie Hughes,0,2025
Tom Kim,0,2025
Jake Knapp,0,2025
K.H. Lee,0,2025
Min Woo Lee,1,2025
Justin Lower,0,2025
Hideki Matsuyama,1,2025
Denny McCarthy,0,2025
Max McGreevy,0,2025
William Mouw,0,2025
Rasmus Neergaard-Petersen,0,2025
Andrew Novak,0,2025
Paul Peterson,0,2025
Aldrich Potgieter,0,2025
Seamus Power,0,2025
Aaron Rai,0,2025
Patrick Rodgers,0,2025
Kevin Roy,0,2025
Isaiah Salinda,0,2025
Adam Schenk,0,2025
Matti Schmid,0,2025
Greyson Sigg,0,2025
Alex Smalley,0,2025
Brandt Snedeker,0,2025
Hayden Springer,0,2025
Sam Stevens,0,2025
Jackson Suber,0,2025
Jesper Svensson,0,2025
Davis Thompson,0,2025
Sami Valimaki,0,2025
Erik van Rooyen,0,2025
Kieron van Wyk,0,2025
Jhonattan Vegas,0,2025
Kris Ventura,0,2025
Karl Vilips,1,2025
Camilo Villegas,0,2025
Danny Walker,0,2025
Danny Willett,0,2025
Gary Woodland,0,2025
Cameron Young,0,2025
Carson Young,0,2025
